--------------------------------------------------------
-- Archivo creado  - viernes-noviembre-04-2016   
--------------------------------------------------------
--------------------------------------------------------
--  DDL for Table AERODROMOS
--------------------------------------------------------

  CREATE TABLE "ESCUELA"."AERODROMOS" 
   (	"ID" NUMBER, 
	"DESCRIPCION" VARCHAR2(80 CHAR), 
	"CIUDAD" VARCHAR2(40 CHAR)
   ) SEGMENT CREATION IMMEDIATE 
  PCTFREE 10 PCTUSED 40 INITRANS 1 MAXTRANS 255 
 NOCOMPRESS LOGGING
  STORAGE(INITIAL 65536 NEXT 1048576 MINEXTENTS 1 MAXEXTENTS 2147483645
  PCTINCREASE 0 FREELISTS 1 FREELIST GROUPS 1
  BUFFER_POOL DEFAULT FLASH_CACHE DEFAULT CELL_FLASH_CACHE DEFAULT)
  TABLESPACE "USERS" ;
--------------------------------------------------------
--  DDL for Table AERONAVES
--------------------------------------------------------

  CREATE TABLE "ESCUELA"."AERONAVES" 
   (	"ID" NUMBER, 
	"MATRICULA" VARCHAR2(5 CHAR), 
	"TIPO_AERONAVES_ID" NUMBER, 
	"ESTADO" CHAR(1 BYTE), 
	"FECHA_AERONAVEGABILIDAD" DATE, 
	"FECHA_INSPECCION_ANUAL" DATE, 
	"HORAS_VUELO" FLOAT(126), 
	"DIAS_VUELO" NUMBER
   ) SEGMENT CREATION IMMEDIATE 
  PCTFREE 10 PCTUSED 40 INITRANS 1 MAXTRANS 255 
 NOCOMPRESS LOGGING
  STORAGE(INITIAL 65536 NEXT 1048576 MINEXTENTS 1 MAXEXTENTS 2147483645
  PCTINCREASE 0 FREELISTS 1 FREELIST GROUPS 1
  BUFFER_POOL DEFAULT FLASH_CACHE DEFAULT CELL_FLASH_CACHE DEFAULT)
  TABLESPACE "USERS" ;

   COMMENT ON COLUMN "ESCUELA"."AERONAVES"."ESTADO" IS 'BOOLEAN';
--------------------------------------------------------
--  DDL for Table COMPONENTES
--------------------------------------------------------

  CREATE TABLE "ESCUELA"."COMPONENTES" 
   (	"ID" NUMBER, 
	"DESCRIPCION" VARCHAR2(40 CHAR), 
	"FABRICANTE" VARCHAR2(25 CHAR), 
	"HORAS_VUELO" FLOAT(126), 
	"DIAS_VUELO" NUMBER, 
	"TIPOS_COMPONENTES_ID" NUMBER, 
	"COMPONENTES_ID" NUMBER, 
	"AERONAVES_ID" NUMBER
   ) SEGMENT CREATION IMMEDIATE 
  PCTFREE 10 PCTUSED 40 INITRANS 1 MAXTRANS 255 
 NOCOMPRESS LOGGING
  STORAGE(INITIAL 65536 NEXT 1048576 MINEXTENTS 1 MAXEXTENTS 2147483645
  PCTINCREASE 0 FREELISTS 1 FREELIST GROUPS 1
  BUFFER_POOL DEFAULT FLASH_CACHE DEFAULT CELL_FLASH_CACHE DEFAULT)
  TABLESPACE "USERS" ;
--------------------------------------------------------
--  DDL for Table DETALLES_MANTENIMIENTOS
--------------------------------------------------------

  CREATE TABLE "ESCUELA"."DETALLES_MANTENIMIENTOS" 
   (	"MANTENIMIENTOS_ID" NUMBER, 
	"COMPONENTES_ID" NUMBER, 
	"PLANES_M_PLANES_ID" NUMBER, 
	"PLANES_M_TIPOS_COMPONENTES_ID" NUMBER, 
	"TAREAS_SELECCIONADAS" VARCHAR2(30 CHAR), 
	"ESTADO" VARCHAR2(140 CHAR)
   ) SEGMENT CREATION IMMEDIATE 
  PCTFREE 10 PCTUSED 40 INITRANS 1 MAXTRANS 255 
 NOCOMPRESS LOGGING
  STORAGE(INITIAL 65536 NEXT 1048576 MINEXTENTS 1 MAXEXTENTS 2147483645
  PCTINCREASE 0 FREELISTS 1 FREELIST GROUPS 1
  BUFFER_POOL DEFAULT FLASH_CACHE DEFAULT CELL_FLASH_CACHE DEFAULT)
  TABLESPACE "USERS" ;
--------------------------------------------------------
--  DDL for Table LICENCIAS
--------------------------------------------------------

  CREATE TABLE "ESCUELA"."LICENCIAS" 
   (	"ID" NUMBER, 
	"NUMERO" NUMBER, 
	"TIPOS_LICENCIAS_ID" NUMBER, 
	"FECHA_VENCIMIENTO" DATE, 
	"HORAS_VUELO" FLOAT(126), 
	"DIAS_VUELO" NUMBER, 
	"PILOTOS_ID" NUMBER
   ) SEGMENT CREATION IMMEDIATE 
  PCTFREE 10 PCTUSED 40 INITRANS 1 MAXTRANS 255 
 NOCOMPRESS LOGGING
  STORAGE(INITIAL 65536 NEXT 1048576 MINEXTENTS 1 MAXEXTENTS 2147483645
  PCTINCREASE 0 FREELISTS 1 FREELIST GROUPS 1
  BUFFER_POOL DEFAULT FLASH_CACHE DEFAULT CELL_FLASH_CACHE DEFAULT)
  TABLESPACE "USERS" ;
--------------------------------------------------------
--  DDL for Table MANTENIMIENTOS
--------------------------------------------------------

  CREATE TABLE "ESCUELA"."MANTENIMIENTOS" 
   (	"ID" NUMBER, 
	"FECHA_INICIO" DATE, 
	"FECHA_TERMINO" DATE
   ) SEGMENT CREATION IMMEDIATE 
  PCTFREE 10 PCTUSED 40 INITRANS 1 MAXTRANS 255 
 NOCOMPRESS LOGGING
  STORAGE(INITIAL 65536 NEXT 1048576 MINEXTENTS 1 MAXEXTENTS 2147483645
  PCTINCREASE 0 FREELISTS 1 FREELIST GROUPS 1
  BUFFER_POOL DEFAULT FLASH_CACHE DEFAULT CELL_FLASH_CACHE DEFAULT)
  TABLESPACE "USERS" ;
--------------------------------------------------------
--  DDL for Table PERFILES_USUARIOS
--------------------------------------------------------

  CREATE TABLE "ESCUELA"."PERFILES_USUARIOS" 
   (	"ID" NUMBER, 
	"DESCRIPCION" VARCHAR2(25 CHAR)
   ) SEGMENT CREATION IMMEDIATE 
  PCTFREE 10 PCTUSED 40 INITRANS 1 MAXTRANS 255 
 NOCOMPRESS LOGGING
  STORAGE(INITIAL 65536 NEXT 1048576 MINEXTENTS 1 MAXEXTENTS 2147483645
  PCTINCREASE 0 FREELISTS 1 FREELIST GROUPS 1
  BUFFER_POOL DEFAULT FLASH_CACHE DEFAULT CELL_FLASH_CACHE DEFAULT)
  TABLESPACE "USERS" ;
--------------------------------------------------------
--  DDL for Table PERSONAS
--------------------------------------------------------

  CREATE TABLE "ESCUELA"."PERSONAS" 
   (	"ID" NUMBER, 
	"RUT" VARCHAR2(12 CHAR), 
	"NOMBRE" VARCHAR2(20 CHAR), 
	"APELLIDOS" VARCHAR2(25 CHAR), 
	"SEXO" CHAR(1 BYTE), 
	"FECHA_NACIMIENTO" DATE, 
	"TELEFONO" VARCHAR2(25 CHAR), 
	"CORREO" VARCHAR2(25 CHAR), 
	"NACIONALIDAD" VARCHAR2(25 CHAR), 
	"USUARIOS_ID" NUMBER
   ) SEGMENT CREATION IMMEDIATE 
  PCTFREE 10 PCTUSED 40 INITRANS 1 MAXTRANS 255 
 NOCOMPRESS LOGGING
  STORAGE(INITIAL 65536 NEXT 1048576 MINEXTENTS 1 MAXEXTENTS 2147483645
  PCTINCREASE 0 FREELISTS 1 FREELIST GROUPS 1
  BUFFER_POOL DEFAULT FLASH_CACHE DEFAULT CELL_FLASH_CACHE DEFAULT)
  TABLESPACE "USERS" ;
--------------------------------------------------------
--  DDL for Table PILOTOS
--------------------------------------------------------

  CREATE TABLE "ESCUELA"."PILOTOS" 
   (	"ID" NUMBER, 
	"HORAS_VUELO" FLOAT(126), 
	"DIAS_VUELO" NUMBER, 
	"VENCIMIENTO_MEDICINA" DATE, 
	"ULTIMO_VUELO_REALIZADO" DATE, 
	"PERSONAS_ID" NUMBER
   ) SEGMENT CREATION IMMEDIATE 
  PCTFREE 10 PCTUSED 40 INITRANS 1 MAXTRANS 255 
 NOCOMPRESS LOGGING
  STORAGE(INITIAL 65536 NEXT 1048576 MINEXTENTS 1 MAXEXTENTS 2147483645
  PCTINCREASE 0 FREELISTS 1 FREELIST GROUPS 1
  BUFFER_POOL DEFAULT FLASH_CACHE DEFAULT CELL_FLASH_CACHE DEFAULT)
  TABLESPACE "USERS" ;
--------------------------------------------------------
--  DDL for Table PLANES
--------------------------------------------------------

  CREATE TABLE "ESCUELA"."PLANES" 
   (	"ID" NUMBER, 
	"DESCRIPCION" VARCHAR2(25 CHAR)
   ) SEGMENT CREATION IMMEDIATE 
  PCTFREE 10 PCTUSED 40 INITRANS 1 MAXTRANS 255 
 NOCOMPRESS LOGGING
  STORAGE(INITIAL 65536 NEXT 1048576 MINEXTENTS 1 MAXEXTENTS 2147483645
  PCTINCREASE 0 FREELISTS 1 FREELIST GROUPS 1
  BUFFER_POOL DEFAULT FLASH_CACHE DEFAULT CELL_FLASH_CACHE DEFAULT)
  TABLESPACE "USERS" ;
--------------------------------------------------------
--  DDL for Table PLANES_MANTENIMIENTOS
--------------------------------------------------------

  CREATE TABLE "ESCUELA"."PLANES_MANTENIMIENTOS" 
   (	"PLANES_ID" NUMBER, 
	"TIPOS_COMPONENTES_ID" NUMBER, 
	"TAREAS" CLOB
   ) SEGMENT CREATION IMMEDIATE 
  PCTFREE 10 PCTUSED 40 INITRANS 1 MAXTRANS 255 
 NOCOMPRESS LOGGING
  STORAGE(INITIAL 65536 NEXT 1048576 MINEXTENTS 1 MAXEXTENTS 2147483645
  PCTINCREASE 0 FREELISTS 1 FREELIST GROUPS 1
  BUFFER_POOL DEFAULT FLASH_CACHE DEFAULT CELL_FLASH_CACHE DEFAULT)
  TABLESPACE "USERS" 
 LOB ("TAREAS") STORE AS BASICFILE (
  TABLESPACE "USERS" ENABLE STORAGE IN ROW CHUNK 8192 RETENTION 
  NOCACHE LOGGING 
  STORAGE(INITIAL 65536 NEXT 1048576 MINEXTENTS 1 MAXEXTENTS 2147483645
  PCTINCREASE 0 FREELISTS 1 FREELIST GROUPS 1
  BUFFER_POOL DEFAULT FLASH_CACHE DEFAULT CELL_FLASH_CACHE DEFAULT)) ;
--------------------------------------------------------
--  DDL for Table TIPOS_AERONAVES
--------------------------------------------------------

  CREATE TABLE "ESCUELA"."TIPOS_AERONAVES" 
   (	"ID" NUMBER, 
	"DESCRIPCION" VARCHAR2(25 CHAR)
   ) SEGMENT CREATION IMMEDIATE 
  PCTFREE 10 PCTUSED 40 INITRANS 1 MAXTRANS 255 
 NOCOMPRESS LOGGING
  STORAGE(INITIAL 65536 NEXT 1048576 MINEXTENTS 1 MAXEXTENTS 2147483645
  PCTINCREASE 0 FREELISTS 1 FREELIST GROUPS 1
  BUFFER_POOL DEFAULT FLASH_CACHE DEFAULT CELL_FLASH_CACHE DEFAULT)
  TABLESPACE "USERS" ;
--------------------------------------------------------
--  DDL for Table TIPOS_COMPONENTES
--------------------------------------------------------

  CREATE TABLE "ESCUELA"."TIPOS_COMPONENTES" 
   (	"ID" NUMBER, 
	"DESCRIPCION" VARCHAR2(25 CHAR)
   ) SEGMENT CREATION IMMEDIATE 
  PCTFREE 10 PCTUSED 40 INITRANS 1 MAXTRANS 255 
 NOCOMPRESS LOGGING
  STORAGE(INITIAL 65536 NEXT 1048576 MINEXTENTS 1 MAXEXTENTS 2147483645
  PCTINCREASE 0 FREELISTS 1 FREELIST GROUPS 1
  BUFFER_POOL DEFAULT FLASH_CACHE DEFAULT CELL_FLASH_CACHE DEFAULT)
  TABLESPACE "USERS" ;
--------------------------------------------------------
--  DDL for Table TIPOS_LICENCIAS
--------------------------------------------------------

  CREATE TABLE "ESCUELA"."TIPOS_LICENCIAS" 
   (	"ID" NUMBER, 
	"DESCRIPCION" VARCHAR2(25 CHAR)
   ) SEGMENT CREATION IMMEDIATE 
  PCTFREE 10 PCTUSED 40 INITRANS 1 MAXTRANS 255 
 NOCOMPRESS LOGGING
  STORAGE(INITIAL 65536 NEXT 1048576 MINEXTENTS 1 MAXEXTENTS 2147483645
  PCTINCREASE 0 FREELISTS 1 FREELIST GROUPS 1
  BUFFER_POOL DEFAULT FLASH_CACHE DEFAULT CELL_FLASH_CACHE DEFAULT)
  TABLESPACE "USERS" ;
--------------------------------------------------------
--  DDL for Table TRIPULACION
--------------------------------------------------------

  CREATE TABLE "ESCUELA"."TRIPULACION" 
   (	"VUELOS_ID" NUMBER, 
	"PILOTOS_ID" NUMBER, 
	"TIPO" CHAR(1 BYTE)
   ) SEGMENT CREATION IMMEDIATE 
  PCTFREE 10 PCTUSED 40 INITRANS 1 MAXTRANS 255 
 NOCOMPRESS LOGGING
  STORAGE(INITIAL 65536 NEXT 1048576 MINEXTENTS 1 MAXEXTENTS 2147483645
  PCTINCREASE 0 FREELISTS 1 FREELIST GROUPS 1
  BUFFER_POOL DEFAULT FLASH_CACHE DEFAULT CELL_FLASH_CACHE DEFAULT)
  TABLESPACE "USERS" ;
--------------------------------------------------------
--  DDL for Table USUARIOS
--------------------------------------------------------

  CREATE TABLE "ESCUELA"."USUARIOS" 
   (	"ID" NUMBER, 
	"CUENTA" VARCHAR2(20 CHAR), 
	"PASS" VARCHAR2(32 BYTE), 
	"PERFILES_USUARIOS_ID" NUMBER, 
	"ESTADO_CUENTA" VARCHAR2(20 BYTE) DEFAULT 'activado'
   ) SEGMENT CREATION IMMEDIATE 
  PCTFREE 10 PCTUSED 40 INITRANS 1 MAXTRANS 255 
 NOCOMPRESS LOGGING
  STORAGE(INITIAL 65536 NEXT 1048576 MINEXTENTS 1 MAXEXTENTS 2147483645
  PCTINCREASE 0 FREELISTS 1 FREELIST GROUPS 1
  BUFFER_POOL DEFAULT FLASH_CACHE DEFAULT CELL_FLASH_CACHE DEFAULT)
  TABLESPACE "USERS" ;
--------------------------------------------------------
--  DDL for Table VUELOS
--------------------------------------------------------

  CREATE TABLE "ESCUELA"."VUELOS" 
   (	"ID" NUMBER, 
	"AERODROMOS_ID_ORIGEN" NUMBER, 
	"AERODROMOS_ID_DESTINO" NUMBER, 
	"HORAS_VUELO" FLOAT(126), 
	"CONDICION_VUELO" CHAR(3 BYTE), 
	"MISION_VUELO" VARCHAR2(140 CHAR), 
	"FECHA_VUELO" DATE, 
	"AERONAVES_ID" NUMBER, 
	"ESTADO_VUELO" VARCHAR2(20 BYTE) DEFAULT 'terminado'
   ) SEGMENT CREATION IMMEDIATE 
  PCTFREE 10 PCTUSED 40 INITRANS 1 MAXTRANS 255 
 NOCOMPRESS LOGGING
  STORAGE(INITIAL 65536 NEXT 1048576 MINEXTENTS 1 MAXEXTENTS 2147483645
  PCTINCREASE 0 FREELISTS 1 FREELIST GROUPS 1
  BUFFER_POOL DEFAULT FLASH_CACHE DEFAULT CELL_FLASH_CACHE DEFAULT)
  TABLESPACE "USERS" ;
--------------------------------------------------------
--  DDL for Sequence TIPOS_AERONAVES_ID_SEQ
--------------------------------------------------------

   CREATE SEQUENCE  "ESCUELA"."TIPOS_AERONAVES_ID_SEQ"  MINVALUE 1 MAXVALUE 9999999999999999999999999999 INCREMENT BY 1 START WITH 3 NOCACHE  ORDER  NOCYCLE ;
REM INSERTING into ESCUELA.AERODROMOS
SET DEFINE OFF;
Insert into ESCUELA.AERODROMOS (ID,DESCRIPCION,CIUDAD) values ('1','Aeródromo San Gerónimo','Algarrobo');
Insert into ESCUELA.AERODROMOS (ID,DESCRIPCION,CIUDAD) values ('2','Aeródromo El Tapihue','Casablanca');
Insert into ESCUELA.AERODROMOS (ID,DESCRIPCION,CIUDAD) values ('3','Aeropuerto Mataveri','Isla de Pascua');
Insert into ESCUELA.AERODROMOS (ID,DESCRIPCION,CIUDAD) values ('4','Aeródromo Robinson Crusoe','Isla Robinson Crusoe');
Insert into ESCUELA.AERODROMOS (ID,DESCRIPCION,CIUDAD) values ('5','Aeródromo Diego Portales','La Ligua');
Insert into ESCUELA.AERODROMOS (ID,DESCRIPCION,CIUDAD) values ('6','Aeródromo San Rafael','Los Andes');
Insert into ESCUELA.AERODROMOS (ID,DESCRIPCION,CIUDAD) values ('7','Aeródromo Olmué','Olmué');
Insert into ESCUELA.AERODROMOS (ID,DESCRIPCION,CIUDAD) values ('8','Aeródromo El Boco','Quillota');
Insert into ESCUELA.AERODROMOS (ID,DESCRIPCION,CIUDAD) values ('9','Aeródromo Víctor Lafón','San Felipe');
Insert into ESCUELA.AERODROMOS (ID,DESCRIPCION,CIUDAD) values ('10','Aeródromo Santo Domingo','Santo Domingo');
Insert into ESCUELA.AERODROMOS (ID,DESCRIPCION,CIUDAD) values ('11','Aeródromo Rodelillo','Valparaíso');
Insert into ESCUELA.AERODROMOS (ID,DESCRIPCION,CIUDAD) values ('12','Helipuerto Las Salinas','Viña del Mar - Con Con');
Insert into ESCUELA.AERODROMOS (ID,DESCRIPCION,CIUDAD) values ('13','Aeródromo Viña del Mar','Viña del Mar - Valparaiso');
Insert into ESCUELA.AERODROMOS (ID,DESCRIPCION,CIUDAD) values ('14','Aeródromo Melipilla','Melipilla');
Insert into ESCUELA.AERODROMOS (ID,DESCRIPCION,CIUDAD) values ('15','Aeropuerto Arturo Merino Benítez','Santiago');
Insert into ESCUELA.AERODROMOS (ID,DESCRIPCION,CIUDAD) values ('16','Aeródromo Municipal de Vitacura','Santiago');
Insert into ESCUELA.AERODROMOS (ID,DESCRIPCION,CIUDAD) values ('17','Aeródromo La Victoria de Chacabuco','Santiago');
Insert into ESCUELA.AERODROMOS (ID,DESCRIPCION,CIUDAD) values ('18','Helipuerto La Parva','Santiago');
Insert into ESCUELA.AERODROMOS (ID,DESCRIPCION,CIUDAD) values ('19','Aeródromo Cuatro Diablos','Melipilla');
Insert into ESCUELA.AERODROMOS (ID,DESCRIPCION,CIUDAD) values ('20','Aeródromo Curacaví','Curacaví');
REM INSERTING into ESCUELA.AERONAVES
SET DEFINE OFF;
Insert into ESCUELA.AERONAVES (ID,MATRICULA,TIPO_AERONAVES_ID,ESTADO,FECHA_AERONAVEGABILIDAD,FECHA_INSPECCION_ANUAL,HORAS_VUELO,DIAS_VUELO) values ('21','OOOOO','1','V',to_date('06/06/77','DD/MM/RR'),to_date('02/12/66','DD/MM/RR'),'608','502');
Insert into ESCUELA.AERONAVES (ID,MATRICULA,TIPO_AERONAVES_ID,ESTADO,FECHA_AERONAVEGABILIDAD,FECHA_INSPECCION_ANUAL,HORAS_VUELO,DIAS_VUELO) values ('28','11223','1','V',to_date('06/06/16','DD/MM/RR'),to_date('06/08/16','DD/MM/RR'),'14','12');
Insert into ESCUELA.AERONAVES (ID,MATRICULA,TIPO_AERONAVES_ID,ESTADO,FECHA_AERONAVEGABILIDAD,FECHA_INSPECCION_ANUAL,HORAS_VUELO,DIAS_VUELO) values ('29','DSSSS','2','M',to_date('13/10/18','DD/MM/RR'),to_date('14/08/18','DD/MM/RR'),'867','67');
Insert into ESCUELA.AERONAVES (ID,MATRICULA,TIPO_AERONAVES_ID,ESTADO,FECHA_AERONAVEGABILIDAD,FECHA_INSPECCION_ANUAL,HORAS_VUELO,DIAS_VUELO) values ('30','XXXXX','2','M',to_date('14/10/16','DD/MM/RR'),to_date('21/10/16','DD/MM/RR'),'97','5');
Insert into ESCUELA.AERONAVES (ID,MATRICULA,TIPO_AERONAVES_ID,ESTADO,FECHA_AERONAVEGABILIDAD,FECHA_INSPECCION_ANUAL,HORAS_VUELO,DIAS_VUELO) values ('31','CCCCC','2','V',to_date('14/10/18','DD/MM/RR'),to_date('20/10/18','DD/MM/RR'),'60','70');
Insert into ESCUELA.AERONAVES (ID,MATRICULA,TIPO_AERONAVES_ID,ESTADO,FECHA_AERONAVEGABILIDAD,FECHA_INSPECCION_ANUAL,HORAS_VUELO,DIAS_VUELO) values ('33','DTJDT','2','V',to_date('26/11/16','DD/MM/RR'),to_date('20/11/16','DD/MM/RR'),'424','4352');
Insert into ESCUELA.AERONAVES (ID,MATRICULA,TIPO_AERONAVES_ID,ESTADO,FECHA_AERONAVEGABILIDAD,FECHA_INSPECCION_ANUAL,HORAS_VUELO,DIAS_VUELO) values ('39','GPPPP','1','V',to_date('15/12/16','DD/MM/RR'),to_date('12/01/17','DD/MM/RR'),'6','123');
Insert into ESCUELA.AERONAVES (ID,MATRICULA,TIPO_AERONAVES_ID,ESTADO,FECHA_AERONAVEGABILIDAD,FECHA_INSPECCION_ANUAL,HORAS_VUELO,DIAS_VUELO) values ('42','GSRSS','1','M',to_date('18/11/16','DD/MM/RR'),to_date('20/11/16','DD/MM/RR'),'24','3434');
Insert into ESCUELA.AERONAVES (ID,MATRICULA,TIPO_AERONAVES_ID,ESTADO,FECHA_AERONAVEGABILIDAD,FECHA_INSPECCION_ANUAL,HORAS_VUELO,DIAS_VUELO) values ('41','PRUEA','1','V',to_date('20/07/17','DD/MM/RR'),to_date('09/11/18','DD/MM/RR'),'32','234');
Insert into ESCUELA.AERONAVES (ID,MATRICULA,TIPO_AERONAVES_ID,ESTADO,FECHA_AERONAVEGABILIDAD,FECHA_INSPECCION_ANUAL,HORAS_VUELO,DIAS_VUELO) values ('46','WEFAS','2','M',to_date('04/11/16','DD/MM/RR'),to_date('13/11/16','DD/MM/RR'),'24','4524');
Insert into ESCUELA.AERONAVES (ID,MATRICULA,TIPO_AERONAVES_ID,ESTADO,FECHA_AERONAVEGABILIDAD,FECHA_INSPECCION_ANUAL,HORAS_VUELO,DIAS_VUELO) values ('50','OIOOI','1','M',to_date('11/11/17','DD/MM/RR'),to_date('10/11/18','DD/MM/RR'),'76','65');
Insert into ESCUELA.AERONAVES (ID,MATRICULA,TIPO_AERONAVES_ID,ESTADO,FECHA_AERONAVEGABILIDAD,FECHA_INSPECCION_ANUAL,HORAS_VUELO,DIAS_VUELO) values ('24','PATOZ','1','V',to_date('03/05/75','DD/MM/RR'),to_date('05/04/77','DD/MM/RR'),'544','665');
Insert into ESCUELA.AERONAVES (ID,MATRICULA,TIPO_AERONAVES_ID,ESTADO,FECHA_AERONAVEGABILIDAD,FECHA_INSPECCION_ANUAL,HORAS_VUELO,DIAS_VUELO) values ('35','DTHDG','1','V',to_date('27/11/16','DD/MM/RR'),to_date('14/11/14','DD/MM/RR'),'3','53');
Insert into ESCUELA.AERONAVES (ID,MATRICULA,TIPO_AERONAVES_ID,ESTADO,FECHA_AERONAVEGABILIDAD,FECHA_INSPECCION_ANUAL,HORAS_VUELO,DIAS_VUELO) values ('36','BDGDG','1','V',to_date('27/11/16','DD/MM/RR'),to_date('14/11/14','DD/MM/RR'),'3','53');
Insert into ESCUELA.AERONAVES (ID,MATRICULA,TIPO_AERONAVES_ID,ESTADO,FECHA_AERONAVEGABILIDAD,FECHA_INSPECCION_ANUAL,HORAS_VUELO,DIAS_VUELO) values ('40','HGGGG','2','M',to_date('03/11/18','DD/MM/RR'),to_date('19/11/16','DD/MM/RR'),'0','0');
Insert into ESCUELA.AERONAVES (ID,MATRICULA,TIPO_AERONAVES_ID,ESTADO,FECHA_AERONAVEGABILIDAD,FECHA_INSPECCION_ANUAL,HORAS_VUELO,DIAS_VUELO) values ('47','FGCHF','1','M',to_date('17/11/16','DD/MM/RR'),to_date('15/11/16','DD/MM/RR'),'56632','263');
Insert into ESCUELA.AERONAVES (ID,MATRICULA,TIPO_AERONAVES_ID,ESTADO,FECHA_AERONAVEGABILIDAD,FECHA_INSPECCION_ANUAL,HORAS_VUELO,DIAS_VUELO) values ('49','QEFQE','2','M',to_date('27/11/16','DD/MM/RR'),to_date('15/11/14','DD/MM/RR'),'2352','23423');
Insert into ESCUELA.AERONAVES (ID,MATRICULA,TIPO_AERONAVES_ID,ESTADO,FECHA_AERONAVEGABILIDAD,FECHA_INSPECCION_ANUAL,HORAS_VUELO,DIAS_VUELO) values ('51','KJBKJ','1','V',to_date('13/11/16','DD/MM/RR'),to_date('18/11/16','DD/MM/RR'),'7','99');
Insert into ESCUELA.AERONAVES (ID,MATRICULA,TIPO_AERONAVES_ID,ESTADO,FECHA_AERONAVEGABILIDAD,FECHA_INSPECCION_ANUAL,HORAS_VUELO,DIAS_VUELO) values ('52','DFBDB','1','V',to_date('12/11/16','DD/MM/RR'),to_date('29/11/16','DD/MM/RR'),'5','78');
Insert into ESCUELA.AERONAVES (ID,MATRICULA,TIPO_AERONAVES_ID,ESTADO,FECHA_AERONAVEGABILIDAD,FECHA_INSPECCION_ANUAL,HORAS_VUELO,DIAS_VUELO) values ('1','CCADS','1','V',to_date('10/08/16','DD/MM/RR'),to_date('29/08/17','DD/MM/RR'),'11200','2666');
Insert into ESCUELA.AERONAVES (ID,MATRICULA,TIPO_AERONAVES_ID,ESTADO,FECHA_AERONAVEGABILIDAD,FECHA_INSPECCION_ANUAL,HORAS_VUELO,DIAS_VUELO) values ('2','CCASS','1','V',to_date('31/01/16','DD/MM/RR'),to_date('02/01/17','DD/MM/RR'),'5789','1189');
Insert into ESCUELA.AERONAVES (ID,MATRICULA,TIPO_AERONAVES_ID,ESTADO,FECHA_AERONAVEGABILIDAD,FECHA_INSPECCION_ANUAL,HORAS_VUELO,DIAS_VUELO) values ('3','CCADT','1','V',to_date('07/08/17','DD/MM/RR'),to_date('17/09/15','DD/MM/RR'),'1108','354');
Insert into ESCUELA.AERONAVES (ID,MATRICULA,TIPO_AERONAVES_ID,ESTADO,FECHA_AERONAVEGABILIDAD,FECHA_INSPECCION_ANUAL,HORAS_VUELO,DIAS_VUELO) values ('4','CCADA','2','V',to_date('26/10/16','DD/MM/RR'),to_date('01/01/17','DD/MM/RR'),'576','208');
Insert into ESCUELA.AERONAVES (ID,MATRICULA,TIPO_AERONAVES_ID,ESTADO,FECHA_AERONAVEGABILIDAD,FECHA_INSPECCION_ANUAL,HORAS_VUELO,DIAS_VUELO) values ('5','CCAAV','2','V',to_date('03/10/17','DD/MM/RR'),to_date('26/02/16','DD/MM/RR'),'2630','548');
Insert into ESCUELA.AERONAVES (ID,MATRICULA,TIPO_AERONAVES_ID,ESTADO,FECHA_AERONAVEGABILIDAD,FECHA_INSPECCION_ANUAL,HORAS_VUELO,DIAS_VUELO) values ('6','CCAWQ','2','V',to_date('27/05/17','DD/MM/RR'),to_date('30/07/16','DD/MM/RR'),'1086','318');
Insert into ESCUELA.AERONAVES (ID,MATRICULA,TIPO_AERONAVES_ID,ESTADO,FECHA_AERONAVEGABILIDAD,FECHA_INSPECCION_ANUAL,HORAS_VUELO,DIAS_VUELO) values ('7','CCADE','2','V',to_date('22/12/17','DD/MM/RR'),to_date('08/12/16','DD/MM/RR'),'1326','567');
Insert into ESCUELA.AERONAVES (ID,MATRICULA,TIPO_AERONAVES_ID,ESTADO,FECHA_AERONAVEGABILIDAD,FECHA_INSPECCION_ANUAL,HORAS_VUELO,DIAS_VUELO) values ('8','CCAFD','2','V',to_date('16/09/16','DD/MM/RR'),to_date('14/02/16','DD/MM/RR'),'477','181');
Insert into ESCUELA.AERONAVES (ID,MATRICULA,TIPO_AERONAVES_ID,ESTADO,FECHA_AERONAVEGABILIDAD,FECHA_INSPECCION_ANUAL,HORAS_VUELO,DIAS_VUELO) values ('9','CCAGF','2','V',to_date('18/10/17','DD/MM/RR'),to_date('06/03/16','DD/MM/RR'),'1157','297');
Insert into ESCUELA.AERONAVES (ID,MATRICULA,TIPO_AERONAVES_ID,ESTADO,FECHA_AERONAVEGABILIDAD,FECHA_INSPECCION_ANUAL,HORAS_VUELO,DIAS_VUELO) values ('10','CCAFG','2','V',to_date('26/09/17','DD/MM/RR'),to_date('22/08/16','DD/MM/RR'),'1364','691');
Insert into ESCUELA.AERONAVES (ID,MATRICULA,TIPO_AERONAVES_ID,ESTADO,FECHA_AERONAVEGABILIDAD,FECHA_INSPECCION_ANUAL,HORAS_VUELO,DIAS_VUELO) values ('32','CCFDS','1','M',to_date('16/11/16','DD/MM/RR'),to_date('29/11/16','DD/MM/RR'),'34','535');
Insert into ESCUELA.AERONAVES (ID,MATRICULA,TIPO_AERONAVES_ID,ESTADO,FECHA_AERONAVEGABILIDAD,FECHA_INSPECCION_ANUAL,HORAS_VUELO,DIAS_VUELO) values ('34','DTHDT','1','V',to_date('27/11/16','DD/MM/RR'),to_date('14/11/14','DD/MM/RR'),'3','53');
Insert into ESCUELA.AERONAVES (ID,MATRICULA,TIPO_AERONAVES_ID,ESTADO,FECHA_AERONAVEGABILIDAD,FECHA_INSPECCION_ANUAL,HORAS_VUELO,DIAS_VUELO) values ('37','THDTD','1','V',to_date('13/11/16','DD/MM/RR'),to_date('27/11/16','DD/MM/RR'),'4','45');
Insert into ESCUELA.AERONAVES (ID,MATRICULA,TIPO_AERONAVES_ID,ESTADO,FECHA_AERONAVEGABILIDAD,FECHA_INSPECCION_ANUAL,HORAS_VUELO,DIAS_VUELO) values ('14','CCAWB','2','V',to_date('31/01/16','DD/MM/RR'),to_date('22/04/16','DD/MM/RR'),'534','297');
Insert into ESCUELA.AERONAVES (ID,MATRICULA,TIPO_AERONAVES_ID,ESTADO,FECHA_AERONAVEGABILIDAD,FECHA_INSPECCION_ANUAL,HORAS_VUELO,DIAS_VUELO) values ('15','CCAMM','2','V',to_date('05/03/16','DD/MM/RR'),to_date('01/05/17','DD/MM/RR'),'684','204');
Insert into ESCUELA.AERONAVES (ID,MATRICULA,TIPO_AERONAVES_ID,ESTADO,FECHA_AERONAVEGABILIDAD,FECHA_INSPECCION_ANUAL,HORAS_VUELO,DIAS_VUELO) values ('16','CCANM','2','V',to_date('22/12/17','DD/MM/RR'),to_date('22/03/16','DD/MM/RR'),'1198','460');
Insert into ESCUELA.AERONAVES (ID,MATRICULA,TIPO_AERONAVES_ID,ESTADO,FECHA_AERONAVEGABILIDAD,FECHA_INSPECCION_ANUAL,HORAS_VUELO,DIAS_VUELO) values ('17','CCAVB','2','V',to_date('08/04/16','DD/MM/RR'),to_date('22/03/16','DD/MM/RR'),'897,5','347');
Insert into ESCUELA.AERONAVES (ID,MATRICULA,TIPO_AERONAVES_ID,ESTADO,FECHA_AERONAVEGABILIDAD,FECHA_INSPECCION_ANUAL,HORAS_VUELO,DIAS_VUELO) values ('18','CCABV','2','V',to_date('29/05/16','DD/MM/RR'),to_date('17/11/16','DD/MM/RR'),'895','363');
Insert into ESCUELA.AERONAVES (ID,MATRICULA,TIPO_AERONAVES_ID,ESTADO,FECHA_AERONAVEGABILIDAD,FECHA_INSPECCION_ANUAL,HORAS_VUELO,DIAS_VUELO) values ('19','CCAJK','2','V',to_date('28/09/17','DD/MM/RR'),to_date('14/01/17','DD/MM/RR'),'1511','722');
Insert into ESCUELA.AERONAVES (ID,MATRICULA,TIPO_AERONAVES_ID,ESTADO,FECHA_AERONAVEGABILIDAD,FECHA_INSPECCION_ANUAL,HORAS_VUELO,DIAS_VUELO) values ('20','CCAKJ','2','V',to_date('24/04/16','DD/MM/RR'),to_date('21/12/15','DD/MM/RR'),'439','191');
Insert into ESCUELA.AERONAVES (ID,MATRICULA,TIPO_AERONAVES_ID,ESTADO,FECHA_AERONAVEGABILIDAD,FECHA_INSPECCION_ANUAL,HORAS_VUELO,DIAS_VUELO) values ('22','UUUUU','1','M',to_date('05/06/82','DD/MM/RR'),to_date('02/03/79','DD/MM/RR'),'554','666');
Insert into ESCUELA.AERONAVES (ID,MATRICULA,TIPO_AERONAVES_ID,ESTADO,FECHA_AERONAVEGABILIDAD,FECHA_INSPECCION_ANUAL,HORAS_VUELO,DIAS_VUELO) values ('23','PATOS','1','V',to_date('03/05/75','DD/MM/RR'),to_date('05/04/77','DD/MM/RR'),'44080,03906','666');
Insert into ESCUELA.AERONAVES (ID,MATRICULA,TIPO_AERONAVES_ID,ESTADO,FECHA_AERONAVEGABILIDAD,FECHA_INSPECCION_ANUAL,HORAS_VUELO,DIAS_VUELO) values ('25','LLLLL','2','V',to_date('04/09/14','DD/MM/RR'),to_date('01/08/22','DD/MM/RR'),'565','445');
Insert into ESCUELA.AERONAVES (ID,MATRICULA,TIPO_AERONAVES_ID,ESTADO,FECHA_AERONAVEGABILIDAD,FECHA_INSPECCION_ANUAL,HORAS_VUELO,DIAS_VUELO) values ('53','WDFWD','1','V',to_date('17/11/16','DD/MM/RR'),to_date('13/11/16','DD/MM/RR'),'32','2323');
Insert into ESCUELA.AERONAVES (ID,MATRICULA,TIPO_AERONAVES_ID,ESTADO,FECHA_AERONAVEGABILIDAD,FECHA_INSPECCION_ANUAL,HORAS_VUELO,DIAS_VUELO) values ('45','QEQEQ','1','V',to_date('16/11/16','DD/MM/RR'),to_date('19/11/16','DD/MM/RR'),'12','1313');
Insert into ESCUELA.AERONAVES (ID,MATRICULA,TIPO_AERONAVES_ID,ESTADO,FECHA_AERONAVEGABILIDAD,FECHA_INSPECCION_ANUAL,HORAS_VUELO,DIAS_VUELO) values ('48','YRURY','1','V',to_date('19/11/16','DD/MM/RR'),to_date('15/11/16','DD/MM/RR'),'2','54');
Insert into ESCUELA.AERONAVES (ID,MATRICULA,TIPO_AERONAVES_ID,ESTADO,FECHA_AERONAVEGABILIDAD,FECHA_INSPECCION_ANUAL,HORAS_VUELO,DIAS_VUELO) values ('43','BSDGS','2','M',to_date('26/11/16','DD/MM/RR'),to_date('24/11/16','DD/MM/RR'),'2','345');
Insert into ESCUELA.AERONAVES (ID,MATRICULA,TIPO_AERONAVES_ID,ESTADO,FECHA_AERONAVEGABILIDAD,FECHA_INSPECCION_ANUAL,HORAS_VUELO,DIAS_VUELO) values ('44','TETET','1','V',to_date('26/11/16','DD/MM/RR'),to_date('17/11/16','DD/MM/RR'),'34','3535');
REM INSERTING into ESCUELA.COMPONENTES
SET DEFINE OFF;
Insert into ESCUELA.COMPONENTES (ID,DESCRIPCION,FABRICANTE,HORAS_VUELO,DIAS_VUELO,TIPOS_COMPONENTES_ID,COMPONENTES_ID,AERONAVES_ID) values ('31','Alas 1','sdad','4','1','8',null,null);
Insert into ESCUELA.COMPONENTES (ID,DESCRIPCION,FABRICANTE,HORAS_VUELO,DIAS_VUELO,TIPOS_COMPONENTES_ID,COMPONENTES_ID,AERONAVES_ID) values ('32','Alas 2','sdad','4','1','8',null,'46');
Insert into ESCUELA.COMPONENTES (ID,DESCRIPCION,FABRICANTE,HORAS_VUELO,DIAS_VUELO,TIPOS_COMPONENTES_ID,COMPONENTES_ID,AERONAVES_ID) values ('36','fafaf','aefaefa','12','3','1',null,null);
Insert into ESCUELA.COMPONENTES (ID,DESCRIPCION,FABRICANTE,HORAS_VUELO,DIAS_VUELO,TIPOS_COMPONENTES_ID,COMPONENTES_ID,AERONAVES_ID) values ('37','aedfaeg','agaregaerfe','4','4','1',null,null);
Insert into ESCUELA.COMPONENTES (ID,DESCRIPCION,FABRICANTE,HORAS_VUELO,DIAS_VUELO,TIPOS_COMPONENTES_ID,COMPONENTES_ID,AERONAVES_ID) values ('40','Desc','Marca cara','92','11','4',null,null);
Insert into ESCUELA.COMPONENTES (ID,DESCRIPCION,FABRICANTE,HORAS_VUELO,DIAS_VUELO,TIPOS_COMPONENTES_ID,COMPONENTES_ID,AERONAVES_ID) values ('41','etyetetety','betetbetb','16','3','5',null,null);
Insert into ESCUELA.COMPONENTES (ID,DESCRIPCION,FABRICANTE,HORAS_VUELO,DIAS_VUELO,TIPOS_COMPONENTES_ID,COMPONENTES_ID,AERONAVES_ID) values ('50','qefqe54sg','w4twgrg','9','8','9','48',null);
Insert into ESCUELA.COMPONENTES (ID,DESCRIPCION,FABRICANTE,HORAS_VUELO,DIAS_VUELO,TIPOS_COMPONENTES_ID,COMPONENTES_ID,AERONAVES_ID) values ('30','srgsrgsrg','srgsrvrsv','220','450','8',null,null);
Insert into ESCUELA.COMPONENTES (ID,DESCRIPCION,FABRICANTE,HORAS_VUELO,DIAS_VUELO,TIPOS_COMPONENTES_ID,COMPONENTES_ID,AERONAVES_ID) values ('42','egwegwrg','wrgwrgwrg','8','7','1',null,'46');
Insert into ESCUELA.COMPONENTES (ID,DESCRIPCION,FABRICANTE,HORAS_VUELO,DIAS_VUELO,TIPOS_COMPONENTES_ID,COMPONENTES_ID,AERONAVES_ID) values ('45','sthsgsrgdrgsdrg','5365gethgsth','7','8','9','44',null);
Insert into ESCUELA.COMPONENTES (ID,DESCRIPCION,FABRICANTE,HORAS_VUELO,DIAS_VUELO,TIPOS_COMPONENTES_ID,COMPONENTES_ID,AERONAVES_ID) values ('47','afaefrhsthdthd','thdrgsrgsr','7','8','9','46',null);
Insert into ESCUELA.COMPONENTES (ID,DESCRIPCION,FABRICANTE,HORAS_VUELO,DIAS_VUELO,TIPOS_COMPONENTES_ID,COMPONENTES_ID,AERONAVES_ID) values ('26','PruebaCompte1','prueba1','11','8','7',null,'46');
Insert into ESCUELA.COMPONENTES (ID,DESCRIPCION,FABRICANTE,HORAS_VUELO,DIAS_VUELO,TIPOS_COMPONENTES_ID,COMPONENTES_ID,AERONAVES_ID) values ('49','qefqefqeetre','gsrthsthst','6','6','9','48',null);
Insert into ESCUELA.COMPONENTES (ID,DESCRIPCION,FABRICANTE,HORAS_VUELO,DIAS_VUELO,TIPOS_COMPONENTES_ID,COMPONENTES_ID,AERONAVES_ID) values ('33','Empenaje1','sdad','4','1','3',null,'46');
Insert into ESCUELA.COMPONENTES (ID,DESCRIPCION,FABRICANTE,HORAS_VUELO,DIAS_VUELO,TIPOS_COMPONENTES_ID,COMPONENTES_ID,AERONAVES_ID) values ('2','Sin informacion','Ultricies Corporation','5789','1189','1',null,null);
Insert into ESCUELA.COMPONENTES (ID,DESCRIPCION,FABRICANTE,HORAS_VUELO,DIAS_VUELO,TIPOS_COMPONENTES_ID,COMPONENTES_ID,AERONAVES_ID) values ('3','Sin informacion','Eget LLP','5789','1189','1',null,'33');
Insert into ESCUELA.COMPONENTES (ID,DESCRIPCION,FABRICANTE,HORAS_VUELO,DIAS_VUELO,TIPOS_COMPONENTES_ID,COMPONENTES_ID,AERONAVES_ID) values ('4','Sin informacion','Erat Consulting','5789','1189','1',null,'33');
Insert into ESCUELA.COMPONENTES (ID,DESCRIPCION,FABRICANTE,HORAS_VUELO,DIAS_VUELO,TIPOS_COMPONENTES_ID,COMPONENTES_ID,AERONAVES_ID) values ('5','Sin informacion','Tincidunt Inc.','5789','1189','2',null,'32');
Insert into ESCUELA.COMPONENTES (ID,DESCRIPCION,FABRICANTE,HORAS_VUELO,DIAS_VUELO,TIPOS_COMPONENTES_ID,COMPONENTES_ID,AERONAVES_ID) values ('6','Sin informacion','Orci In Consequat Corp.','1108','354','2',null,'46');
Insert into ESCUELA.COMPONENTES (ID,DESCRIPCION,FABRICANTE,HORAS_VUELO,DIAS_VUELO,TIPOS_COMPONENTES_ID,COMPONENTES_ID,AERONAVES_ID) values ('38','aaaaaaaaaa','qqqqqqq','12','4','1',null,null);
Insert into ESCUELA.COMPONENTES (ID,DESCRIPCION,FABRICANTE,HORAS_VUELO,DIAS_VUELO,TIPOS_COMPONENTES_ID,COMPONENTES_ID,AERONAVES_ID) values ('8','Sin informacion','Augue Consulting','1108','354','2',null,'32');
Insert into ESCUELA.COMPONENTES (ID,DESCRIPCION,FABRICANTE,HORAS_VUELO,DIAS_VUELO,TIPOS_COMPONENTES_ID,COMPONENTES_ID,AERONAVES_ID) values ('9','Sin informacion','Mauris Institute','1108','354','3',null,'32');
Insert into ESCUELA.COMPONENTES (ID,DESCRIPCION,FABRICANTE,HORAS_VUELO,DIAS_VUELO,TIPOS_COMPONENTES_ID,COMPONENTES_ID,AERONAVES_ID) values ('10','Sin informacion','Scelerisque Corp.','813','87','3',null,null);
Insert into ESCUELA.COMPONENTES (ID,DESCRIPCION,FABRICANTE,HORAS_VUELO,DIAS_VUELO,TIPOS_COMPONENTES_ID,COMPONENTES_ID,AERONAVES_ID) values ('11','Sin informacion','Ultrices Foundation','439','2246','3',null,'32');
Insert into ESCUELA.COMPONENTES (ID,DESCRIPCION,FABRICANTE,HORAS_VUELO,DIAS_VUELO,TIPOS_COMPONENTES_ID,COMPONENTES_ID,AERONAVES_ID) values ('12','Sin informacion','Quis Limited','821','1212','4',null,null);
Insert into ESCUELA.COMPONENTES (ID,DESCRIPCION,FABRICANTE,HORAS_VUELO,DIAS_VUELO,TIPOS_COMPONENTES_ID,COMPONENTES_ID,AERONAVES_ID) values ('13','Sin informacion','Cursus Foundation','678','260','4',null,'33');
Insert into ESCUELA.COMPONENTES (ID,DESCRIPCION,FABRICANTE,HORAS_VUELO,DIAS_VUELO,TIPOS_COMPONENTES_ID,COMPONENTES_ID,AERONAVES_ID) values ('39','rrrrrrrrrrrrrrrrrrrrr','wwwwwwwwwwwwwwww','3','4','1',null,'45');
Insert into ESCUELA.COMPONENTES (ID,DESCRIPCION,FABRICANTE,HORAS_VUELO,DIAS_VUELO,TIPOS_COMPONENTES_ID,COMPONENTES_ID,AERONAVES_ID) values ('15','Sin informacion','Vivamus Rhoncus LLP','576','208','4',null,'33');
Insert into ESCUELA.COMPONENTES (ID,DESCRIPCION,FABRICANTE,HORAS_VUELO,DIAS_VUELO,TIPOS_COMPONENTES_ID,COMPONENTES_ID,AERONAVES_ID) values ('16','Sin informacion','Sed Nulla Institute','576','208','5',null,'32');
Insert into ESCUELA.COMPONENTES (ID,DESCRIPCION,FABRICANTE,HORAS_VUELO,DIAS_VUELO,TIPOS_COMPONENTES_ID,COMPONENTES_ID,AERONAVES_ID) values ('34','ControlesFrenos1','asdaaf','3','5','4',null,null);
Insert into ESCUELA.COMPONENTES (ID,DESCRIPCION,FABRICANTE,HORAS_VUELO,DIAS_VUELO,TIPOS_COMPONENTES_ID,COMPONENTES_ID,AERONAVES_ID) values ('18','Sin informacion','Fringilla Institute','1086','318','5',null,'32');
Insert into ESCUELA.COMPONENTES (ID,DESCRIPCION,FABRICANTE,HORAS_VUELO,DIAS_VUELO,TIPOS_COMPONENTES_ID,COMPONENTES_ID,AERONAVES_ID) values ('19','Sin informacion','Iaculis Consulting','1086','318','5',null,'46');
Insert into ESCUELA.COMPONENTES (ID,DESCRIPCION,FABRICANTE,HORAS_VUELO,DIAS_VUELO,TIPOS_COMPONENTES_ID,COMPONENTES_ID,AERONAVES_ID) values ('20','Sin informacion','Iaculis Consulting','1086','318','6',null,'32');
Insert into ESCUELA.COMPONENTES (ID,DESCRIPCION,FABRICANTE,HORAS_VUELO,DIAS_VUELO,TIPOS_COMPONENTES_ID,COMPONENTES_ID,AERONAVES_ID) values ('21','Sin informacion','Porta Elit Corp.','4641','1877','6',null,null);
Insert into ESCUELA.COMPONENTES (ID,DESCRIPCION,FABRICANTE,HORAS_VUELO,DIAS_VUELO,TIPOS_COMPONENTES_ID,COMPONENTES_ID,AERONAVES_ID) values ('22','Sin informacion','Porta Elit Corp.','3608','931','6',null,'46');
Insert into ESCUELA.COMPONENTES (ID,DESCRIPCION,FABRICANTE,HORAS_VUELO,DIAS_VUELO,TIPOS_COMPONENTES_ID,COMPONENTES_ID,AERONAVES_ID) values ('23','Sin informacion','Porta Elit Corp.','684','204','7',null,null);
Insert into ESCUELA.COMPONENTES (ID,DESCRIPCION,FABRICANTE,HORAS_VUELO,DIAS_VUELO,TIPOS_COMPONENTES_ID,COMPONENTES_ID,AERONAVES_ID) values ('24','Sin informacion','Porta Elit Corp.','875','347','7',null,null);
Insert into ESCUELA.COMPONENTES (ID,DESCRIPCION,FABRICANTE,HORAS_VUELO,DIAS_VUELO,TIPOS_COMPONENTES_ID,COMPONENTES_ID,AERONAVES_ID) values ('25','Sin informacion','Porta Elit Corp.','1511','722','7',null,'32');
Insert into ESCUELA.COMPONENTES (ID,DESCRIPCION,FABRICANTE,HORAS_VUELO,DIAS_VUELO,TIPOS_COMPONENTES_ID,COMPONENTES_ID,AERONAVES_ID) values ('55','adcadcoiaj','ivdozjvzoidvj','13','6','5',null,'51');
Insert into ESCUELA.COMPONENTES (ID,DESCRIPCION,FABRICANTE,HORAS_VUELO,DIAS_VUELO,TIPOS_COMPONENTES_ID,COMPONENTES_ID,AERONAVES_ID) values ('29','PruebaSubcompte3','prueba1','19','7','9','26',null);
Insert into ESCUELA.COMPONENTES (ID,DESCRIPCION,FABRICANTE,HORAS_VUELO,DIAS_VUELO,TIPOS_COMPONENTES_ID,COMPONENTES_ID,AERONAVES_ID) values ('43','qwdqweqweqwr','rhgwgw4gw4','7','9','1',null,null);
Insert into ESCUELA.COMPONENTES (ID,DESCRIPCION,FABRICANTE,HORAS_VUELO,DIAS_VUELO,TIPOS_COMPONENTES_ID,COMPONENTES_ID,AERONAVES_ID) values ('44','mmmmmmmmmmmmm','mmmmm','8','6','8',null,null);
Insert into ESCUELA.COMPONENTES (ID,DESCRIPCION,FABRICANTE,HORAS_VUELO,DIAS_VUELO,TIPOS_COMPONENTES_ID,COMPONENTES_ID,AERONAVES_ID) values ('46','qwdqegqwtg','42524grwgwr','16','7','1',null,null);
Insert into ESCUELA.COMPONENTES (ID,DESCRIPCION,FABRICANTE,HORAS_VUELO,DIAS_VUELO,TIPOS_COMPONENTES_ID,COMPONENTES_ID,AERONAVES_ID) values ('48','sthsthsth','w5y3hdsh','4','6','1',null,null);
Insert into ESCUELA.COMPONENTES (ID,DESCRIPCION,FABRICANTE,HORAS_VUELO,DIAS_VUELO,TIPOS_COMPONENTES_ID,COMPONENTES_ID,AERONAVES_ID) values ('53','Pruebas funcionales','bastian lillo','17','3','6',null,null);
Insert into ESCUELA.COMPONENTES (ID,DESCRIPCION,FABRICANTE,HORAS_VUELO,DIAS_VUELO,TIPOS_COMPONENTES_ID,COMPONENTES_ID,AERONAVES_ID) values ('35','ControlesFrenos2','asdaaf','3','5','4',null,'46');
Insert into ESCUELA.COMPONENTES (ID,DESCRIPCION,FABRICANTE,HORAS_VUELO,DIAS_VUELO,TIPOS_COMPONENTES_ID,COMPONENTES_ID,AERONAVES_ID) values ('51','._.','._.','325','2','3',null,'47');
Insert into ESCUELA.COMPONENTES (ID,DESCRIPCION,FABRICANTE,HORAS_VUELO,DIAS_VUELO,TIPOS_COMPONENTES_ID,COMPONENTES_ID,AERONAVES_ID) values ('54','Pruebas ','Funcionales','9','2','3',null,null);
REM INSERTING into ESCUELA.DETALLES_MANTENIMIENTOS
SET DEFINE OFF;
Insert into ESCUELA.DETALLES_MANTENIMIENTOS (MANTENIMIENTOS_ID,COMPONENTES_ID,PLANES_M_PLANES_ID,PLANES_M_TIPOS_COMPONENTES_ID,TAREAS_SELECCIONADAS,ESTADO) values ('1','21','1','1','A,B,C,D','En buen estado');
Insert into ESCUELA.DETALLES_MANTENIMIENTOS (MANTENIMIENTOS_ID,COMPONENTES_ID,PLANES_M_PLANES_ID,PLANES_M_TIPOS_COMPONENTES_ID,TAREAS_SELECCIONADAS,ESTADO) values ('2','22','2','1','A,B,C,D','En buen estado');
Insert into ESCUELA.DETALLES_MANTENIMIENTOS (MANTENIMIENTOS_ID,COMPONENTES_ID,PLANES_M_PLANES_ID,PLANES_M_TIPOS_COMPONENTES_ID,TAREAS_SELECCIONADAS,ESTADO) values ('3','23','3','1','A,B,C,D','En buen estado');
Insert into ESCUELA.DETALLES_MANTENIMIENTOS (MANTENIMIENTOS_ID,COMPONENTES_ID,PLANES_M_PLANES_ID,PLANES_M_TIPOS_COMPONENTES_ID,TAREAS_SELECCIONADAS,ESTADO) values ('4','24','4','1','A,B,C,D','En buen estado');
Insert into ESCUELA.DETALLES_MANTENIMIENTOS (MANTENIMIENTOS_ID,COMPONENTES_ID,PLANES_M_PLANES_ID,PLANES_M_TIPOS_COMPONENTES_ID,TAREAS_SELECCIONADAS,ESTADO) values ('5','25','2','1','A,B,C,D,E,F','En buen estado');
REM INSERTING into ESCUELA.LICENCIAS
SET DEFINE OFF;
Insert into ESCUELA.LICENCIAS (ID,NUMERO,TIPOS_LICENCIAS_ID,FECHA_VENCIMIENTO,HORAS_VUELO,DIAS_VUELO,PILOTOS_ID) values ('23','12345','3',to_date('04/04/18','DD/MM/RR'),'30','200','23');
Insert into ESCUELA.LICENCIAS (ID,NUMERO,TIPOS_LICENCIAS_ID,FECHA_VENCIMIENTO,HORAS_VUELO,DIAS_VUELO,PILOTOS_ID) values ('24','14562','1',to_date('04/04/18','DD/MM/RR'),'30','200','23');
Insert into ESCUELA.LICENCIAS (ID,NUMERO,TIPOS_LICENCIAS_ID,FECHA_VENCIMIENTO,HORAS_VUELO,DIAS_VUELO,PILOTOS_ID) values ('25','4587','3',to_date('03/01/15','DD/MM/RR'),'30','20','23');
Insert into ESCUELA.LICENCIAS (ID,NUMERO,TIPOS_LICENCIAS_ID,FECHA_VENCIMIENTO,HORAS_VUELO,DIAS_VUELO,PILOTOS_ID) values ('1','2543','2',to_date('08/11/17','DD/MM/RR'),'1277','120','1');
Insert into ESCUELA.LICENCIAS (ID,NUMERO,TIPOS_LICENCIAS_ID,FECHA_VENCIMIENTO,HORAS_VUELO,DIAS_VUELO,PILOTOS_ID) values ('3','256323','3',to_date('08/12/18','DD/MM/RR'),'200,2','333','3');
Insert into ESCUELA.LICENCIAS (ID,NUMERO,TIPOS_LICENCIAS_ID,FECHA_VENCIMIENTO,HORAS_VUELO,DIAS_VUELO,PILOTOS_ID) values ('4','2583','2',to_date('05/12/17','DD/MM/RR'),'1088','112','4');
Insert into ESCUELA.LICENCIAS (ID,NUMERO,TIPOS_LICENCIAS_ID,FECHA_VENCIMIENTO,HORAS_VUELO,DIAS_VUELO,PILOTOS_ID) values ('5','25632','5',to_date('08/12/18','DD/MM/RR'),'210,2','333','5');
Insert into ESCUELA.LICENCIAS (ID,NUMERO,TIPOS_LICENCIAS_ID,FECHA_VENCIMIENTO,HORAS_VUELO,DIAS_VUELO,PILOTOS_ID) values ('6','2533','2',to_date('02/09/17','DD/MM/RR'),'1355','129','6');
Insert into ESCUELA.LICENCIAS (ID,NUMERO,TIPOS_LICENCIAS_ID,FECHA_VENCIMIENTO,HORAS_VUELO,DIAS_VUELO,PILOTOS_ID) values ('7','2523','2',to_date('03/08/18','DD/MM/RR'),'1154','119','7');
Insert into ESCUELA.LICENCIAS (ID,NUMERO,TIPOS_LICENCIAS_ID,FECHA_VENCIMIENTO,HORAS_VUELO,DIAS_VUELO,PILOTOS_ID) values ('8','2513','2',to_date('04/06/17','DD/MM/RR'),'395','55','8');
Insert into ESCUELA.LICENCIAS (ID,NUMERO,TIPOS_LICENCIAS_ID,FECHA_VENCIMIENTO,HORAS_VUELO,DIAS_VUELO,PILOTOS_ID) values ('9','2143','2',to_date('15/07/18','DD/MM/RR'),'1352','134','9');
Insert into ESCUELA.LICENCIAS (ID,NUMERO,TIPOS_LICENCIAS_ID,FECHA_VENCIMIENTO,HORAS_VUELO,DIAS_VUELO,PILOTOS_ID) values ('10','2243','2',to_date('17/05/18','DD/MM/RR'),'550','67','10');
Insert into ESCUELA.LICENCIAS (ID,NUMERO,TIPOS_LICENCIAS_ID,FECHA_VENCIMIENTO,HORAS_VUELO,DIAS_VUELO,PILOTOS_ID) values ('11','2343','2',to_date('21/07/17','DD/MM/RR'),'1195','140','11');
Insert into ESCUELA.LICENCIAS (ID,NUMERO,TIPOS_LICENCIAS_ID,FECHA_VENCIMIENTO,HORAS_VUELO,DIAS_VUELO,PILOTOS_ID) values ('12','2443','2',to_date('25/02/18','DD/MM/RR'),'898','88','12');
Insert into ESCUELA.LICENCIAS (ID,NUMERO,TIPOS_LICENCIAS_ID,FECHA_VENCIMIENTO,HORAS_VUELO,DIAS_VUELO,PILOTOS_ID) values ('13','1563','2',to_date('24/03/17','DD/MM/RR'),'228','70','13');
Insert into ESCUELA.LICENCIAS (ID,NUMERO,TIPOS_LICENCIAS_ID,FECHA_VENCIMIENTO,HORAS_VUELO,DIAS_VUELO,PILOTOS_ID) values ('14','2999','2',to_date('27/03/19','DD/MM/RR'),'1331','140','14');
Insert into ESCUELA.LICENCIAS (ID,NUMERO,TIPOS_LICENCIAS_ID,FECHA_VENCIMIENTO,HORAS_VUELO,DIAS_VUELO,PILOTOS_ID) values ('15','2555','2',to_date('28/04/17','DD/MM/RR'),'1226','134','15');
Insert into ESCUELA.LICENCIAS (ID,NUMERO,TIPOS_LICENCIAS_ID,FECHA_VENCIMIENTO,HORAS_VUELO,DIAS_VUELO,PILOTOS_ID) values ('16','1243','2',to_date('29/05/19','DD/MM/RR'),'1961','179','16');
Insert into ESCUELA.LICENCIAS (ID,NUMERO,TIPOS_LICENCIAS_ID,FECHA_VENCIMIENTO,HORAS_VUELO,DIAS_VUELO,PILOTOS_ID) values ('17','8498','3',to_date('25/06/17','DD/MM/RR'),'1605','198','17');
Insert into ESCUELA.LICENCIAS (ID,NUMERO,TIPOS_LICENCIAS_ID,FECHA_VENCIMIENTO,HORAS_VUELO,DIAS_VUELO,PILOTOS_ID) values ('19','9543','2',to_date('19/08/17','DD/MM/RR'),'710','99','19');
Insert into ESCUELA.LICENCIAS (ID,NUMERO,TIPOS_LICENCIAS_ID,FECHA_VENCIMIENTO,HORAS_VUELO,DIAS_VUELO,PILOTOS_ID) values ('20','1143','2',to_date('20/09/18','DD/MM/RR'),'700','96','20');
Insert into ESCUELA.LICENCIAS (ID,NUMERO,TIPOS_LICENCIAS_ID,FECHA_VENCIMIENTO,HORAS_VUELO,DIAS_VUELO,PILOTOS_ID) values ('21','1678','2',to_date('12/10/19','DD/MM/RR'),'666','79','21');
Insert into ESCUELA.LICENCIAS (ID,NUMERO,TIPOS_LICENCIAS_ID,FECHA_VENCIMIENTO,HORAS_VUELO,DIAS_VUELO,PILOTOS_ID) values ('22','4543','2',to_date('11/12/17','DD/MM/RR'),'350','40','22');
REM INSERTING into ESCUELA.MANTENIMIENTOS
SET DEFINE OFF;
Insert into ESCUELA.MANTENIMIENTOS (ID,FECHA_INICIO,FECHA_TERMINO) values ('1',to_date('27/06/16','DD/MM/RR'),to_date('02/07/16','DD/MM/RR'));
Insert into ESCUELA.MANTENIMIENTOS (ID,FECHA_INICIO,FECHA_TERMINO) values ('2',to_date('24/06/16','DD/MM/RR'),to_date('07/07/16','DD/MM/RR'));
Insert into ESCUELA.MANTENIMIENTOS (ID,FECHA_INICIO,FECHA_TERMINO) values ('3',to_date('14/07/16','DD/MM/RR'),to_date('04/08/16','DD/MM/RR'));
Insert into ESCUELA.MANTENIMIENTOS (ID,FECHA_INICIO,FECHA_TERMINO) values ('4',to_date('24/07/16','DD/MM/RR'),to_date('01/08/16','DD/MM/RR'));
Insert into ESCUELA.MANTENIMIENTOS (ID,FECHA_INICIO,FECHA_TERMINO) values ('5',to_date('12/07/16','DD/MM/RR'),to_date('03/08/16','DD/MM/RR'));
REM INSERTING into ESCUELA.PERFILES_USUARIOS
SET DEFINE OFF;
Insert into ESCUELA.PERFILES_USUARIOS (ID,DESCRIPCION) values ('1','Administrador');
Insert into ESCUELA.PERFILES_USUARIOS (ID,DESCRIPCION) values ('2','Operador');
Insert into ESCUELA.PERFILES_USUARIOS (ID,DESCRIPCION) values ('3','Piloto');
Insert into ESCUELA.PERFILES_USUARIOS (ID,DESCRIPCION) values ('4','Consultor');
REM INSERTING into ESCUELA.PERSONAS
SET DEFINE OFF;
Insert into ESCUELA.PERSONAS (ID,RUT,NOMBRE,APELLIDOS,SEXO,FECHA_NACIMIENTO,TELEFONO,CORREO,NACIONALIDAD,USUARIOS_ID) values ('49','21.730.981-6','julia','abanto','M',to_date('01/01/15','DD/MM/RR'),null,null,'Chileno','68');
Insert into ESCUELA.PERSONAS (ID,RUT,NOMBRE,APELLIDOS,SEXO,FECHA_NACIMIENTO,TELEFONO,CORREO,NACIONALIDAD,USUARIOS_ID) values ('44','18.300.688-6','diego N.','Madariaga','M',to_date('05/09/65','DD/MM/RR'),'+569 86554567','diego@gmail.com','Chileno','64');
Insert into ESCUELA.PERSONAS (ID,RUT,NOMBRE,APELLIDOS,SEXO,FECHA_NACIMIENTO,TELEFONO,CORREO,NACIONALIDAD,USUARIOS_ID) values ('47','9.402.572-9','xarold','hills','F',to_date('01/01/15','DD/MM/RR'),null,null,'Chileno','66');
Insert into ESCUELA.PERSONAS (ID,RUT,NOMBRE,APELLIDOS,SEXO,FECHA_NACIMIENTO,TELEFONO,CORREO,NACIONALIDAD,USUARIOS_ID) values ('51','17.945.286-3','prueba','operador','M',to_date('01/01/15','DD/MM/RR'),'55245245','wsgsrg ','Chileno','70');
Insert into ESCUELA.PERSONAS (ID,RUT,NOMBRE,APELLIDOS,SEXO,FECHA_NACIMIENTO,TELEFONO,CORREO,NACIONALIDAD,USUARIOS_ID) values ('56','17.945.286-3','Pruebas','funcionales','M',to_date('01/01/15','DD/MM/RR'),'23452','prueba@eveh.cl','Chileno','75');
Insert into ESCUELA.PERSONAS (ID,RUT,NOMBRE,APELLIDOS,SEXO,FECHA_NACIMIENTO,TELEFONO,CORREO,NACIONALIDAD,USUARIOS_ID) values ('1','16077658-7','Amery','Hanson Lott','M',to_date('21/05/76','DD/MM/RR'),'+569 95426587','pepito@hotmal.com','Chile','1');
Insert into ESCUELA.PERSONAS (ID,RUT,NOMBRE,APELLIDOS,SEXO,FECHA_NACIMIENTO,TELEFONO,CORREO,NACIONALIDAD,USUARIOS_ID) values ('2','15772886-5','Nigel','Martin Herring','M',to_date('05/07/76','DD/MM/RR'),'+569 98671207','nigel@gmail.com','Chile','2');
Insert into ESCUELA.PERSONAS (ID,RUT,NOMBRE,APELLIDOS,SEXO,FECHA_NACIMIENTO,TELEFONO,CORREO,NACIONALIDAD,USUARIOS_ID) values ('3','14205047-6','Blake','Hahn Saunders','M',to_date('09/07/74','DD/MM/RR'),'+569 99487209','hannabanana@hotmail.com','Chile','3');
Insert into ESCUELA.PERSONAS (ID,RUT,NOMBRE,APELLIDOS,SEXO,FECHA_NACIMIENTO,TELEFONO,CORREO,NACIONALIDAD,USUARIOS_ID) values ('4','16454496-3','Kareem','Blair Moreno','M',to_date('26/12/91','DD/MM/RR'),'+569 91890578','chispa@live.cl','Chile','4');
Insert into ESCUELA.PERSONAS (ID,RUT,NOMBRE,APELLIDOS,SEXO,FECHA_NACIMIENTO,TELEFONO,CORREO,NACIONALIDAD,USUARIOS_ID) values ('5','14997374-5','Lewis','Peters Fernandez','M',to_date('17/02/89','DD/MM/RR'),'+569 96041603','supervaca@live.cl','Chile','5');
Insert into ESCUELA.PERSONAS (ID,RUT,NOMBRE,APELLIDOS,SEXO,FECHA_NACIMIENTO,TELEFONO,CORREO,NACIONALIDAD,USUARIOS_ID) values ('6','1630850-8','Odysseus','Spencer Powers','M',to_date('26/12/78','DD/MM/RR'),'+569 97233376','mugita@hotmail.com','Chile','6');
Insert into ESCUELA.PERSONAS (ID,RUT,NOMBRE,APELLIDOS,SEXO,FECHA_NACIMIENTO,TELEFONO,CORREO,NACIONALIDAD,USUARIOS_ID) values ('7','17272937-8','Allistair','Bowman Fuentes','M',to_date('31/08/90','DD/MM/RR'),'+569 92981903','superflan@live.cl','Chileno','7');
Insert into ESCUELA.PERSONAS (ID,RUT,NOMBRE,APELLIDOS,SEXO,FECHA_NACIMIENTO,TELEFONO,CORREO,NACIONALIDAD,USUARIOS_ID) values ('8','15395178-8','Hilel','Macias Pratt','M',to_date('02/04/88','DD/MM/RR'),'+569 96107919','lipito@hotmail.com','Chile','8');
Insert into ESCUELA.PERSONAS (ID,RUT,NOMBRE,APELLIDOS,SEXO,FECHA_NACIMIENTO,TELEFONO,CORREO,NACIONALIDAD,USUARIOS_ID) values ('9','17770930-6','Wade','Cooke Huff','M',to_date('19/01/86','DD/MM/RR'),'+569 97796881','cereal@gmail.com','Chile','9');
Insert into ESCUELA.PERSONAS (ID,RUT,NOMBRE,APELLIDOS,SEXO,FECHA_NACIMIENTO,TELEFONO,CORREO,NACIONALIDAD,USUARIOS_ID) values ('10','17147623-1','Hu','Clayton Herring','M',to_date('12/11/71','DD/MM/RR'),'+569 92292579','grancaly@hotmail.com','Chile','10');
Insert into ESCUELA.PERSONAS (ID,RUT,NOMBRE,APELLIDOS,SEXO,FECHA_NACIMIENTO,TELEFONO,CORREO,NACIONALIDAD,USUARIOS_ID) values ('11','18771434-3','Ivan','Dickson Wynn','M',to_date('11/04/88','DD/MM/RR'),'+569 96284002','jhon@gmail.com','Chile','11');
Insert into ESCUELA.PERSONAS (ID,RUT,NOMBRE,APELLIDOS,SEXO,FECHA_NACIMIENTO,TELEFONO,CORREO,NACIONALIDAD,USUARIOS_ID) values ('12','14372617-2','Aquila','Cash William','M',to_date('05/08/72','DD/MM/RR'),'+569 96832020','papasegundo@live.cl','Chile','12');
Insert into ESCUELA.PERSONAS (ID,RUT,NOMBRE,APELLIDOS,SEXO,FECHA_NACIMIENTO,TELEFONO,CORREO,NACIONALIDAD,USUARIOS_ID) values ('13','1629663-1','Lawrence','Rasmussen Watson','M',to_date('23/07/72','DD/MM/RR'),'+569 95007366','santopadre@live.cl','Chile','13');
Insert into ESCUELA.PERSONAS (ID,RUT,NOMBRE,APELLIDOS,SEXO,FECHA_NACIMIENTO,TELEFONO,CORREO,NACIONALIDAD,USUARIOS_ID) values ('14','18197194-3','Stephen','Mcdowell Peters','M',to_date('12/01/78','DD/MM/RR'),'+569 95221832','nenetravieso@live.cl','Chile','14');
Insert into ESCUELA.PERSONAS (ID,RUT,NOMBRE,APELLIDOS,SEXO,FECHA_NACIMIENTO,TELEFONO,CORREO,NACIONALIDAD,USUARIOS_ID) values ('15','17549499-3','Burton','Lara Greer','M',to_date('20/03/70','DD/MM/RR'),'+569 98820179','chicoperseve@live.cl','Chile','15');
Insert into ESCUELA.PERSONAS (ID,RUT,NOMBRE,APELLIDOS,SEXO,FECHA_NACIMIENTO,TELEFONO,CORREO,NACIONALIDAD,USUARIOS_ID) values ('16','16132547-3','Wyatt','Best Huff','M',to_date('19/12/94','DD/MM/RR'),'+569 95588713','profesional@hotmail.com','Chile','16');
Insert into ESCUELA.PERSONAS (ID,RUT,NOMBRE,APELLIDOS,SEXO,FECHA_NACIMIENTO,TELEFONO,CORREO,NACIONALIDAD,USUARIOS_ID) values ('17','15533550-7','Tiger','Nguyen Silva','M',to_date('10/04/68','DD/MM/RR'),'+569 96228219','pandi@gmail.com','Chile','17');
Insert into ESCUELA.PERSONAS (ID,RUT,NOMBRE,APELLIDOS,SEXO,FECHA_NACIMIENTO,TELEFONO,CORREO,NACIONALIDAD,USUARIOS_ID) values ('18','18009239-9','Ahmed','Morris Dominguez','M',to_date('29/05/77','DD/MM/RR'),'+569 90275892','stargate@gmail.com','Chile','18');
Insert into ESCUELA.PERSONAS (ID,RUT,NOMBRE,APELLIDOS,SEXO,FECHA_NACIMIENTO,TELEFONO,CORREO,NACIONALIDAD,USUARIOS_ID) values ('19','15283480-7','Hedley','West Ashley','M',to_date('01/07/93','DD/MM/RR'),'+569 97141651','servals@live.cl','Chile','19');
Insert into ESCUELA.PERSONAS (ID,RUT,NOMBRE,APELLIDOS,SEXO,FECHA_NACIMIENTO,TELEFONO,CORREO,NACIONALIDAD,USUARIOS_ID) values ('20','16859143-8','Jordan','Donoso Rivas','M',to_date('03/04/82','DD/MM/RR'),'+569 97972954','jordan@gmail.com','Chile','20');
Insert into ESCUELA.PERSONAS (ID,RUT,NOMBRE,APELLIDOS,SEXO,FECHA_NACIMIENTO,TELEFONO,CORREO,NACIONALIDAD,USUARIOS_ID) values ('21','14879243-9','Diego','pinochet allendes','F',to_date('01/04/78','DD/MM/RR'),'+569 94912963','fla@gmail.com','Chileno','21');
Insert into ESCUELA.PERSONAS (ID,RUT,NOMBRE,APELLIDOS,SEXO,FECHA_NACIMIENTO,TELEFONO,CORREO,NACIONALIDAD,USUARIOS_ID) values ('22','16959343-8','Hernan','Saavedra Ginson','M',to_date('07/05/79','DD/MM/RR'),'+569 94352975','gibson@gmail.com','Chile','22');
Insert into ESCUELA.PERSONAS (ID,RUT,NOMBRE,APELLIDOS,SEXO,FECHA_NACIMIENTO,TELEFONO,CORREO,NACIONALIDAD,USUARIOS_ID) values ('23','17859453-7','Virgilio','Castro Marlon','M',to_date('02/06/85','DD/MM/RR'),'+569 94906905','castro@gmail.com','Chile','23');
Insert into ESCUELA.PERSONAS (ID,RUT,NOMBRE,APELLIDOS,SEXO,FECHA_NACIMIENTO,TELEFONO,CORREO,NACIONALIDAD,USUARIOS_ID) values ('24','18759543-4','Salie','Sexto Gonzalez','F',to_date('01/04/84','DD/MM/RR'),'+569 94902369','sexto@gmail.com','Chileno','24');
Insert into ESCUELA.PERSONAS (ID,RUT,NOMBRE,APELLIDOS,SEXO,FECHA_NACIMIENTO,TELEFONO,CORREO,NACIONALIDAD,USUARIOS_ID) values ('25','14659733-9','Camilo R.','Pinto Ayala','F',to_date('01/10/89','DD/MM/RR'),'+569 94202365','ayala@gmail.com','Chileno','25');
Insert into ESCUELA.PERSONAS (ID,RUT,NOMBRE,APELLIDOS,SEXO,FECHA_NACIMIENTO,TELEFONO,CORREO,NACIONALIDAD,USUARIOS_ID) values ('26','15459823-4','Brayan','Lagos Pinto','M',to_date('09/07/88','DD/MM/RR'),'+569 94102465','lagos@gmail.com','Chile','26');
Insert into ESCUELA.PERSONAS (ID,RUT,NOMBRE,APELLIDOS,SEXO,FECHA_NACIMIENTO,TELEFONO,CORREO,NACIONALIDAD,USUARIOS_ID) values ('27','17354913-7','Carlos','Salsman Vergara','M',to_date('07/01/82','DD/MM/RR'),'+569 94302165','salsman@gmail.com','Chile','27');
Insert into ESCUELA.PERSONAS (ID,RUT,NOMBRE,APELLIDOS,SEXO,FECHA_NACIMIENTO,TELEFONO,CORREO,NACIONALIDAD,USUARIOS_ID) values ('28','16259043-5','Juan','Pavez Rivas','M',to_date('08/03/79','DD/MM/RR'),'+569 94901964','pavez@gmail.com','Chile','28');
Insert into ESCUELA.PERSONAS (ID,RUT,NOMBRE,APELLIDOS,SEXO,FECHA_NACIMIENTO,TELEFONO,CORREO,NACIONALIDAD,USUARIOS_ID) values ('29','16159193-4','Barto','Potter Stay','M',to_date('07/02/86','DD/MM/RR'),'+569 94550295','potter@gmail.com','Chile','29');
Insert into ESCUELA.PERSONAS (ID,RUT,NOMBRE,APELLIDOS,SEXO,FECHA_NACIMIENTO,TELEFONO,CORREO,NACIONALIDAD,USUARIOS_ID) values ('30','15264533-8','Stif','Maturana Calderon','M',to_date('04/07/85','DD/MM/RR'),'+569 92222295','maturana@gmail.com','Chile','30');
Insert into ESCUELA.PERSONAS (ID,RUT,NOMBRE,APELLIDOS,SEXO,FECHA_NACIMIENTO,TELEFONO,CORREO,NACIONALIDAD,USUARIOS_ID) values ('50','10.716.658-0','carolina','abarca','F',to_date('28/01/75','DD/MM/RR'),null,null,'Chileno','69');
Insert into ESCUELA.PERSONAS (ID,RUT,NOMBRE,APELLIDOS,SEXO,FECHA_NACIMIENTO,TELEFONO,CORREO,NACIONALIDAD,USUARIOS_ID) values ('53','5.942.968-k','pedro','torres','M',to_date('01/01/19','DD/MM/RR'),null,null,'Chileno','72');
Insert into ESCUELA.PERSONAS (ID,RUT,NOMBRE,APELLIDOS,SEXO,FECHA_NACIMIENTO,TELEFONO,CORREO,NACIONALIDAD,USUARIOS_ID) values ('54','5.486.686-0','pedro','detal','M',to_date('05/05/40','DD/MM/RR'),'944545','hola','Boliviano','73');
Insert into ESCUELA.PERSONAS (ID,RUT,NOMBRE,APELLIDOS,SEXO,FECHA_NACIMIENTO,TELEFONO,CORREO,NACIONALIDAD,USUARIOS_ID) values ('55','17.945.286-3','Sebastian','Perez','M',to_date('06/08/41','DD/MM/RR'),'32165498','lgnsfg','Chileno','74');
Insert into ESCUELA.PERSONAS (ID,RUT,NOMBRE,APELLIDOS,SEXO,FECHA_NACIMIENTO,TELEFONO,CORREO,NACIONALIDAD,USUARIOS_ID) values ('57','18.266.149-k','jordanko','jerez','F',to_date('01/01/15','DD/MM/RR'),null,null,'Chileno','76');
Insert into ESCUELA.PERSONAS (ID,RUT,NOMBRE,APELLIDOS,SEXO,FECHA_NACIMIENTO,TELEFONO,CORREO,NACIONALIDAD,USUARIOS_ID) values ('43','18.300.688-6','Diego N.','Madariaga','M',to_date('01/01/15','DD/MM/RR'),'+569 87665678',null,'Chileno','63');
Insert into ESCUELA.PERSONAS (ID,RUT,NOMBRE,APELLIDOS,SEXO,FECHA_NACIMIENTO,TELEFONO,CORREO,NACIONALIDAD,USUARIOS_ID) values ('45','3321432','Ope','Ope','M',to_date('07/08/92','DD/MM/RR'),'435','Hola','Chileno','56');
Insert into ESCUELA.PERSONAS (ID,RUT,NOMBRE,APELLIDOS,SEXO,FECHA_NACIMIENTO,TELEFONO,CORREO,NACIONALIDAD,USUARIOS_ID) values ('46','14.520.314-7','diego','perez','M',to_date('01/01/15','DD/MM/RR'),'+569 87654567','dperez@duoc.cl','Chileno','65');
Insert into ESCUELA.PERSONAS (ID,RUT,NOMBRE,APELLIDOS,SEXO,FECHA_NACIMIENTO,TELEFONO,CORREO,NACIONALIDAD,USUARIOS_ID) values ('48','7.725.388-2','jorge','hernandez','M',to_date('01/01/15','DD/MM/RR'),null,null,'Chileno','67');
Insert into ESCUELA.PERSONAS (ID,RUT,NOMBRE,APELLIDOS,SEXO,FECHA_NACIMIENTO,TELEFONO,CORREO,NACIONALIDAD,USUARIOS_ID) values ('52','10.198.520-2','jorge','rosales','M',to_date('01/01/15','DD/MM/RR'),'132','gege@hotmail.com','Chileno','71');
Insert into ESCUELA.PERSONAS (ID,RUT,NOMBRE,APELLIDOS,SEXO,FECHA_NACIMIENTO,TELEFONO,CORREO,NACIONALIDAD,USUARIOS_ID) values ('42','123456','diego s','madariaga','m',to_date('07/07/93','DD/MM/RR'),'87665678','diego@diego.cl','Boliviano','54');
REM INSERTING into ESCUELA.PILOTOS
SET DEFINE OFF;
Insert into ESCUELA.PILOTOS (ID,HORAS_VUELO,DIAS_VUELO,VENCIMIENTO_MEDICINA,ULTIMO_VUELO_REALIZADO,PERSONAS_ID) values ('23','305','101',to_date('11/12/14','DD/MM/RR'),to_date('12/12/12','DD/MM/RR'),'42');
Insert into ESCUELA.PILOTOS (ID,HORAS_VUELO,DIAS_VUELO,VENCIMIENTO_MEDICINA,ULTIMO_VUELO_REALIZADO,PERSONAS_ID) values ('1','509,5','130',to_date('15/04/18','DD/MM/RR'),to_date('21/01/16','DD/MM/RR'),'2');
Insert into ESCUELA.PILOTOS (ID,HORAS_VUELO,DIAS_VUELO,VENCIMIENTO_MEDICINA,ULTIMO_VUELO_REALIZADO,PERSONAS_ID) values ('2','412','69',to_date('05/11/17','DD/MM/RR'),to_date('14/01/16','DD/MM/RR'),'3');
Insert into ESCUELA.PILOTOS (ID,HORAS_VUELO,DIAS_VUELO,VENCIMIENTO_MEDICINA,ULTIMO_VUELO_REALIZADO,PERSONAS_ID) values ('3','802,5','71',to_date('30/04/18','DD/MM/RR'),to_date('10/09/14','DD/MM/RR'),'4');
Insert into ESCUELA.PILOTOS (ID,HORAS_VUELO,DIAS_VUELO,VENCIMIENTO_MEDICINA,ULTIMO_VUELO_REALIZADO,PERSONAS_ID) values ('4','468,5','117',to_date('03/12/18','DD/MM/RR'),to_date('25/02/14','DD/MM/RR'),'5');
Insert into ESCUELA.PILOTOS (ID,HORAS_VUELO,DIAS_VUELO,VENCIMIENTO_MEDICINA,ULTIMO_VUELO_REALIZADO,PERSONAS_ID) values ('5','22168,01953','117',to_date('13/02/17','DD/MM/RR'),to_date('24/02/14','DD/MM/RR'),'6');
Insert into ESCUELA.PILOTOS (ID,HORAS_VUELO,DIAS_VUELO,VENCIMIENTO_MEDICINA,ULTIMO_VUELO_REALIZADO,PERSONAS_ID) values ('6','300','129',to_date('05/02/18','DD/MM/RR'),to_date('15/01/14','DD/MM/RR'),'7');
Insert into ESCUELA.PILOTOS (ID,HORAS_VUELO,DIAS_VUELO,VENCIMIENTO_MEDICINA,ULTIMO_VUELO_REALIZADO,PERSONAS_ID) values ('7','22168,01953','120',to_date('24/07/18','DD/MM/RR'),to_date('01/07/15','DD/MM/RR'),'9');
Insert into ESCUELA.PILOTOS (ID,HORAS_VUELO,DIAS_VUELO,VENCIMIENTO_MEDICINA,ULTIMO_VUELO_REALIZADO,PERSONAS_ID) values ('8','22068,01953','56',to_date('27/07/18','DD/MM/RR'),to_date('06/10/15','DD/MM/RR'),'10');
Insert into ESCUELA.PILOTOS (ID,HORAS_VUELO,DIAS_VUELO,VENCIMIENTO_MEDICINA,ULTIMO_VUELO_REALIZADO,PERSONAS_ID) values ('9','300','134',to_date('25/12/18','DD/MM/RR'),to_date('30/06/15','DD/MM/RR'),'13');
Insert into ESCUELA.PILOTOS (ID,HORAS_VUELO,DIAS_VUELO,VENCIMIENTO_MEDICINA,ULTIMO_VUELO_REALIZADO,PERSONAS_ID) values ('10','22068,01953','68',to_date('21/11/17','DD/MM/RR'),to_date('11/03/15','DD/MM/RR'),'15');
Insert into ESCUELA.PILOTOS (ID,HORAS_VUELO,DIAS_VUELO,VENCIMIENTO_MEDICINA,ULTIMO_VUELO_REALIZADO,PERSONAS_ID) values ('11','300','140',to_date('13/10/18','DD/MM/RR'),to_date('02/06/16','DD/MM/RR'),'18');
Insert into ESCUELA.PILOTOS (ID,HORAS_VUELO,DIAS_VUELO,VENCIMIENTO_MEDICINA,ULTIMO_VUELO_REALIZADO,PERSONAS_ID) values ('12','322,5','88',to_date('17/07/18','DD/MM/RR'),to_date('27/04/16','DD/MM/RR'),'19');
Insert into ESCUELA.PILOTOS (ID,HORAS_VUELO,DIAS_VUELO,VENCIMIENTO_MEDICINA,ULTIMO_VUELO_REALIZADO,PERSONAS_ID) values ('13','322,5','70',to_date('09/01/18','DD/MM/RR'),to_date('01/09/16','DD/MM/RR'),'20');
Insert into ESCUELA.PILOTOS (ID,HORAS_VUELO,DIAS_VUELO,VENCIMIENTO_MEDICINA,ULTIMO_VUELO_REALIZADO,PERSONAS_ID) values ('14','300','140',to_date('01/09/18','DD/MM/RR'),to_date('22/11/15','DD/MM/RR'),'21');
Insert into ESCUELA.PILOTOS (ID,HORAS_VUELO,DIAS_VUELO,VENCIMIENTO_MEDICINA,ULTIMO_VUELO_REALIZADO,PERSONAS_ID) values ('15','300','134',to_date('13/02/17','DD/MM/RR'),to_date('23/04/16','DD/MM/RR'),'22');
Insert into ESCUELA.PILOTOS (ID,HORAS_VUELO,DIAS_VUELO,VENCIMIENTO_MEDICINA,ULTIMO_VUELO_REALIZADO,PERSONAS_ID) values ('16','300','179',to_date('06/07/17','DD/MM/RR'),to_date('29/07/16','DD/MM/RR'),'23');
Insert into ESCUELA.PILOTOS (ID,HORAS_VUELO,DIAS_VUELO,VENCIMIENTO_MEDICINA,ULTIMO_VUELO_REALIZADO,PERSONAS_ID) values ('17','22068,01953','163',to_date('04/06/18','DD/MM/RR'),to_date('25/08/16','DD/MM/RR'),'24');
Insert into ESCUELA.PILOTOS (ID,HORAS_VUELO,DIAS_VUELO,VENCIMIENTO_MEDICINA,ULTIMO_VUELO_REALIZADO,PERSONAS_ID) values ('18','300','120',to_date('16/11/17','DD/MM/RR'),to_date('03/05/16','DD/MM/RR'),'25');
Insert into ESCUELA.PILOTOS (ID,HORAS_VUELO,DIAS_VUELO,VENCIMIENTO_MEDICINA,ULTIMO_VUELO_REALIZADO,PERSONAS_ID) values ('19','22068,01953','100',to_date('10/10/17','DD/MM/RR'),to_date('09/01/16','DD/MM/RR'),'26');
Insert into ESCUELA.PILOTOS (ID,HORAS_VUELO,DIAS_VUELO,VENCIMIENTO_MEDICINA,ULTIMO_VUELO_REALIZADO,PERSONAS_ID) values ('20','300','96',to_date('21/11/17','DD/MM/RR'),to_date('13/07/16','DD/MM/RR'),'27');
Insert into ESCUELA.PILOTOS (ID,HORAS_VUELO,DIAS_VUELO,VENCIMIENTO_MEDICINA,ULTIMO_VUELO_REALIZADO,PERSONAS_ID) values ('21','300','79',to_date('06/12/17','DD/MM/RR'),to_date('04/01/16','DD/MM/RR'),'28');
Insert into ESCUELA.PILOTOS (ID,HORAS_VUELO,DIAS_VUELO,VENCIMIENTO_MEDICINA,ULTIMO_VUELO_REALIZADO,PERSONAS_ID) values ('22','22068,01953','92',to_date('11/12/17','DD/MM/RR'),to_date('16/07/16','DD/MM/RR'),'29');
REM INSERTING into ESCUELA.PLANES
SET DEFINE OFF;
Insert into ESCUELA.PLANES (ID,DESCRIPCION) values ('1','Inspeccion Diaria');
Insert into ESCUELA.PLANES (ID,DESCRIPCION) values ('2','Inspeccion De 50 horas');
Insert into ESCUELA.PLANES (ID,DESCRIPCION) values ('3','Inspeccion De 100 horas');
Insert into ESCUELA.PLANES (ID,DESCRIPCION) values ('4','Inspeccion De 1000 horas');
REM INSERTING into ESCUELA.PLANES_MANTENIMIENTOS
SET DEFINE OFF;
Insert into ESCUELA.PLANES_MANTENIMIENTOS (PLANES_ID,TIPOS_COMPONENTES_ID) values ('1','1');
Insert into ESCUELA.PLANES_MANTENIMIENTOS (PLANES_ID,TIPOS_COMPONENTES_ID) values ('1','2');
Insert into ESCUELA.PLANES_MANTENIMIENTOS (PLANES_ID,TIPOS_COMPONENTES_ID) values ('1','3');
Insert into ESCUELA.PLANES_MANTENIMIENTOS (PLANES_ID,TIPOS_COMPONENTES_ID) values ('1','4');
Insert into ESCUELA.PLANES_MANTENIMIENTOS (PLANES_ID,TIPOS_COMPONENTES_ID) values ('1','5');
Insert into ESCUELA.PLANES_MANTENIMIENTOS (PLANES_ID,TIPOS_COMPONENTES_ID) values ('1','6');
Insert into ESCUELA.PLANES_MANTENIMIENTOS (PLANES_ID,TIPOS_COMPONENTES_ID) values ('1','7');
Insert into ESCUELA.PLANES_MANTENIMIENTOS (PLANES_ID,TIPOS_COMPONENTES_ID) values ('2','1');
Insert into ESCUELA.PLANES_MANTENIMIENTOS (PLANES_ID,TIPOS_COMPONENTES_ID) values ('2','2');
Insert into ESCUELA.PLANES_MANTENIMIENTOS (PLANES_ID,TIPOS_COMPONENTES_ID) values ('2','3');
Insert into ESCUELA.PLANES_MANTENIMIENTOS (PLANES_ID,TIPOS_COMPONENTES_ID) values ('2','4');
Insert into ESCUELA.PLANES_MANTENIMIENTOS (PLANES_ID,TIPOS_COMPONENTES_ID) values ('2','5');
Insert into ESCUELA.PLANES_MANTENIMIENTOS (PLANES_ID,TIPOS_COMPONENTES_ID) values ('2','6');
Insert into ESCUELA.PLANES_MANTENIMIENTOS (PLANES_ID,TIPOS_COMPONENTES_ID) values ('2','7');
Insert into ESCUELA.PLANES_MANTENIMIENTOS (PLANES_ID,TIPOS_COMPONENTES_ID) values ('2','8');
Insert into ESCUELA.PLANES_MANTENIMIENTOS (PLANES_ID,TIPOS_COMPONENTES_ID) values ('3','1');
Insert into ESCUELA.PLANES_MANTENIMIENTOS (PLANES_ID,TIPOS_COMPONENTES_ID) values ('3','2');
Insert into ESCUELA.PLANES_MANTENIMIENTOS (PLANES_ID,TIPOS_COMPONENTES_ID) values ('3','3');
Insert into ESCUELA.PLANES_MANTENIMIENTOS (PLANES_ID,TIPOS_COMPONENTES_ID) values ('3','4');
Insert into ESCUELA.PLANES_MANTENIMIENTOS (PLANES_ID,TIPOS_COMPONENTES_ID) values ('3','5');
Insert into ESCUELA.PLANES_MANTENIMIENTOS (PLANES_ID,TIPOS_COMPONENTES_ID) values ('3','6');
Insert into ESCUELA.PLANES_MANTENIMIENTOS (PLANES_ID,TIPOS_COMPONENTES_ID) values ('3','7');
Insert into ESCUELA.PLANES_MANTENIMIENTOS (PLANES_ID,TIPOS_COMPONENTES_ID) values ('3','8');
Insert into ESCUELA.PLANES_MANTENIMIENTOS (PLANES_ID,TIPOS_COMPONENTES_ID) values ('4','1');
Insert into ESCUELA.PLANES_MANTENIMIENTOS (PLANES_ID,TIPOS_COMPONENTES_ID) values ('4','2');
Insert into ESCUELA.PLANES_MANTENIMIENTOS (PLANES_ID,TIPOS_COMPONENTES_ID) values ('4','3');
Insert into ESCUELA.PLANES_MANTENIMIENTOS (PLANES_ID,TIPOS_COMPONENTES_ID) values ('4','4');
Insert into ESCUELA.PLANES_MANTENIMIENTOS (PLANES_ID,TIPOS_COMPONENTES_ID) values ('4','5');
Insert into ESCUELA.PLANES_MANTENIMIENTOS (PLANES_ID,TIPOS_COMPONENTES_ID) values ('4','6');
Insert into ESCUELA.PLANES_MANTENIMIENTOS (PLANES_ID,TIPOS_COMPONENTES_ID) values ('4','7');
Insert into ESCUELA.PLANES_MANTENIMIENTOS (PLANES_ID,TIPOS_COMPONENTES_ID) values ('4','8');
REM INSERTING into ESCUELA.TIPOS_AERONAVES
SET DEFINE OFF;
Insert into ESCUELA.TIPOS_AERONAVES (ID,DESCRIPCION) values ('1','Helicóptero BK-117');
Insert into ESCUELA.TIPOS_AERONAVES (ID,DESCRIPCION) values ('2','Avion Cessna-172');
REM INSERTING into ESCUELA.TIPOS_COMPONENTES
SET DEFINE OFF;
Insert into ESCUELA.TIPOS_COMPONENTES (ID,DESCRIPCION) values ('9','Sub-Componente');
Insert into ESCUELA.TIPOS_COMPONENTES (ID,DESCRIPCION) values ('1','Fuselaje');
Insert into ESCUELA.TIPOS_COMPONENTES (ID,DESCRIPCION) values ('2','Alas');
Insert into ESCUELA.TIPOS_COMPONENTES (ID,DESCRIPCION) values ('3','Empenaje');
Insert into ESCUELA.TIPOS_COMPONENTES (ID,DESCRIPCION) values ('4','Controles y frenos aerodi');
Insert into ESCUELA.TIPOS_COMPONENTES (ID,DESCRIPCION) values ('5','Tren de aterrizaje');
Insert into ESCUELA.TIPOS_COMPONENTES (ID,DESCRIPCION) values ('6','Equipos');
Insert into ESCUELA.TIPOS_COMPONENTES (ID,DESCRIPCION) values ('7','Motor');
Insert into ESCUELA.TIPOS_COMPONENTES (ID,DESCRIPCION) values ('8','Cabina');
REM INSERTING into ESCUELA.TIPOS_LICENCIAS
SET DEFINE OFF;
Insert into ESCUELA.TIPOS_LICENCIAS (ID,DESCRIPCION) values ('1','Alumno Piloto ');
Insert into ESCUELA.TIPOS_LICENCIAS (ID,DESCRIPCION) values ('2','Piloto Privado Avion');
Insert into ESCUELA.TIPOS_LICENCIAS (ID,DESCRIPCION) values ('3','Piloto Privado Heli');
Insert into ESCUELA.TIPOS_LICENCIAS (ID,DESCRIPCION) values ('4','Piloto Comercial');
Insert into ESCUELA.TIPOS_LICENCIAS (ID,DESCRIPCION) values ('5','Piloto Transporte');
Insert into ESCUELA.TIPOS_LICENCIAS (ID,DESCRIPCION) values ('6','Piloto Linea Aerea');
REM INSERTING into ESCUELA.TRIPULACION
SET DEFINE OFF;
Insert into ESCUELA.TRIPULACION (VUELOS_ID,PILOTOS_ID,TIPO) values ('19','1','P');
Insert into ESCUELA.TRIPULACION (VUELOS_ID,PILOTOS_ID,TIPO) values ('19','3','T');
Insert into ESCUELA.TRIPULACION (VUELOS_ID,PILOTOS_ID,TIPO) values ('15','1','P');
Insert into ESCUELA.TRIPULACION (VUELOS_ID,PILOTOS_ID,TIPO) values ('19','5','T');
Insert into ESCUELA.TRIPULACION (VUELOS_ID,PILOTOS_ID,TIPO) values ('19','11','T');
Insert into ESCUELA.TRIPULACION (VUELOS_ID,PILOTOS_ID,TIPO) values ('11','1','P');
Insert into ESCUELA.TRIPULACION (VUELOS_ID,PILOTOS_ID,TIPO) values ('1','1',null);
Insert into ESCUELA.TRIPULACION (VUELOS_ID,PILOTOS_ID,TIPO) values ('1','2',null);
Insert into ESCUELA.TRIPULACION (VUELOS_ID,PILOTOS_ID,TIPO) values ('2','3',null);
Insert into ESCUELA.TRIPULACION (VUELOS_ID,PILOTOS_ID,TIPO) values ('2','4',null);
Insert into ESCUELA.TRIPULACION (VUELOS_ID,PILOTOS_ID,TIPO) values ('3','5',null);
Insert into ESCUELA.TRIPULACION (VUELOS_ID,PILOTOS_ID,TIPO) values ('3','6',null);
Insert into ESCUELA.TRIPULACION (VUELOS_ID,PILOTOS_ID,TIPO) values ('4','7',null);
Insert into ESCUELA.TRIPULACION (VUELOS_ID,PILOTOS_ID,TIPO) values ('4','8',null);
Insert into ESCUELA.TRIPULACION (VUELOS_ID,PILOTOS_ID,TIPO) values ('5','9',null);
Insert into ESCUELA.TRIPULACION (VUELOS_ID,PILOTOS_ID,TIPO) values ('5','10',null);
Insert into ESCUELA.TRIPULACION (VUELOS_ID,PILOTOS_ID,TIPO) values ('6','11',null);
Insert into ESCUELA.TRIPULACION (VUELOS_ID,PILOTOS_ID,TIPO) values ('6','12',null);
Insert into ESCUELA.TRIPULACION (VUELOS_ID,PILOTOS_ID,TIPO) values ('8','14',null);
Insert into ESCUELA.TRIPULACION (VUELOS_ID,PILOTOS_ID,TIPO) values ('8','15',null);
Insert into ESCUELA.TRIPULACION (VUELOS_ID,PILOTOS_ID,TIPO) values ('9','16',null);
Insert into ESCUELA.TRIPULACION (VUELOS_ID,PILOTOS_ID,TIPO) values ('9','17',null);
Insert into ESCUELA.TRIPULACION (VUELOS_ID,PILOTOS_ID,TIPO) values ('10','18',null);
Insert into ESCUELA.TRIPULACION (VUELOS_ID,PILOTOS_ID,TIPO) values ('22','1','P');
Insert into ESCUELA.TRIPULACION (VUELOS_ID,PILOTOS_ID,TIPO) values ('22','12','T');
Insert into ESCUELA.TRIPULACION (VUELOS_ID,PILOTOS_ID,TIPO) values ('22','13','T');
Insert into ESCUELA.TRIPULACION (VUELOS_ID,PILOTOS_ID,TIPO) values ('29','19','T');
Insert into ESCUELA.TRIPULACION (VUELOS_ID,PILOTOS_ID,TIPO) values ('29','22','T');
Insert into ESCUELA.TRIPULACION (VUELOS_ID,PILOTOS_ID,TIPO) values ('29','7','T');
Insert into ESCUELA.TRIPULACION (VUELOS_ID,PILOTOS_ID,TIPO) values ('29','8','T');
Insert into ESCUELA.TRIPULACION (VUELOS_ID,PILOTOS_ID,TIPO) values ('29','5','P');
Insert into ESCUELA.TRIPULACION (VUELOS_ID,PILOTOS_ID,TIPO) values ('29','10','T');
Insert into ESCUELA.TRIPULACION (VUELOS_ID,PILOTOS_ID,TIPO) values ('29','17','T');
Insert into ESCUELA.TRIPULACION (VUELOS_ID,PILOTOS_ID,TIPO) values ('30','4','P');
Insert into ESCUELA.TRIPULACION (VUELOS_ID,PILOTOS_ID,TIPO) values ('30','7','T');
Insert into ESCUELA.TRIPULACION (VUELOS_ID,PILOTOS_ID,TIPO) values ('30','21','T');
Insert into ESCUELA.TRIPULACION (VUELOS_ID,PILOTOS_ID,TIPO) values ('31','1','P');
Insert into ESCUELA.TRIPULACION (VUELOS_ID,PILOTOS_ID,TIPO) values ('31','7','T');
REM INSERTING into ESCUELA.USUARIOS
SET DEFINE OFF;
Insert into ESCUELA.USUARIOS (ID,CUENTA,PASS,PERFILES_USUARIOS_ID,ESTADO_CUENTA) values ('75','PruebasFuncionales','1a1dc91c907325c69271ddf0c944bc72','1','activado');
Insert into ESCUELA.USUARIOS (ID,CUENTA,PASS,PERFILES_USUARIOS_ID,ESTADO_CUENTA) values ('33','jorda perez 23','a283069318ced82c338e40b68642f18a','1','activado');
Insert into ESCUELA.USUARIOS (ID,CUENTA,PASS,PERFILES_USUARIOS_ID,ESTADO_CUENTA) values ('34','jorddfgfdgperez 23','a283069318ced82c338e40b68642f18a','1','activado');
Insert into ESCUELA.USUARIOS (ID,CUENTA,PASS,PERFILES_USUARIOS_ID,ESTADO_CUENTA) values ('35','jogfdhfg','a283069318ced82c338e40b68642f18a','1','activado');
Insert into ESCUELA.USUARIOS (ID,CUENTA,PASS,PERFILES_USUARIOS_ID,ESTADO_CUENTA) values ('55','diego_n','7815696ecbf1c96e6894b779456d330e','1','activado');
Insert into ESCUELA.USUARIOS (ID,CUENTA,PASS,PERFILES_USUARIOS_ID,ESTADO_CUENTA) values ('64','admin','21232f297a57a5a743894a0e4a801fc3','1','activado');
Insert into ESCUELA.USUARIOS (ID,CUENTA,PASS,PERFILES_USUARIOS_ID,ESTADO_CUENTA) values ('66','xarols','25d55ad283aa400af464c76d713c07ad','1','activado');
Insert into ESCUELA.USUARIOS (ID,CUENTA,PASS,PERFILES_USUARIOS_ID,ESTADO_CUENTA) values ('62','kokokoojjo','202cb962ac59075b964b07152d234b70','1','activado');
Insert into ESCUELA.USUARIOS (ID,CUENTA,PASS,PERFILES_USUARIOS_ID,ESTADO_CUENTA) values ('68','dextroer1','123456','1','activado');
Insert into ESCUELA.USUARIOS (ID,CUENTA,PASS,PERFILES_USUARIOS_ID,ESTADO_CUENTA) values ('43','diegooddsd','202cb962ac59075b964b07152d234b70','1','activado');
Insert into ESCUELA.USUARIOS (ID,CUENTA,PASS,PERFILES_USUARIOS_ID,ESTADO_CUENTA) values ('69','godien','7815696ecbf1c96e6894b779456d330e','4','activado');
Insert into ESCUELA.USUARIOS (ID,CUENTA,PASS,PERFILES_USUARIOS_ID,ESTADO_CUENTA) values ('70','op','06d4f07c943a4da1c8bfe591abbc3579','2','activado');
Insert into ESCUELA.USUARIOS (ID,CUENTA,PASS,PERFILES_USUARIOS_ID,ESTADO_CUENTA) values ('72','pedro_torres','202cb962ac59075b964b07152d234b70','1','activado');
Insert into ESCUELA.USUARIOS (ID,CUENTA,PASS,PERFILES_USUARIOS_ID,ESTADO_CUENTA) values ('73','fulano','3342949e2e99fc2f304de6fdd626a188','1','activado');
Insert into ESCUELA.USUARIOS (ID,CUENTA,PASS,PERFILES_USUARIOS_ID,ESTADO_CUENTA) values ('74','SebaPerez','d494f3650319d882495067a92b217ff9','2','activado');
Insert into ESCUELA.USUARIOS (ID,CUENTA,PASS,PERFILES_USUARIOS_ID,ESTADO_CUENTA) values ('76','jordanjavic','25d55ad283aa400af464c76d713c07ad','1','activado');
Insert into ESCUELA.USUARIOS (ID,CUENTA,PASS,PERFILES_USUARIOS_ID,ESTADO_CUENTA) values ('1','Aramis','21f4eceba0328e215c256929e5414aa9','1','activado');
Insert into ESCUELA.USUARIOS (ID,CUENTA,PASS,PERFILES_USUARIOS_ID,ESTADO_CUENTA) values ('2','Tiago','e13981e25f573df3048f40ffe5ccecfa','3','activado');
Insert into ESCUELA.USUARIOS (ID,CUENTA,PASS,PERFILES_USUARIOS_ID,ESTADO_CUENTA) values ('3','Salvador','bbed4452cf0577c526adec3657a2f6e8','3','activado');
Insert into ESCUELA.USUARIOS (ID,CUENTA,PASS,PERFILES_USUARIOS_ID,ESTADO_CUENTA) values ('4','Ariel','9ced73b8525de1db8e232ad575baa9dd','3','activado');
Insert into ESCUELA.USUARIOS (ID,CUENTA,PASS,PERFILES_USUARIOS_ID,ESTADO_CUENTA) values ('5','Cristofer','90a4897b4d6e39e8208325fe9765eef4','3','activado');
Insert into ESCUELA.USUARIOS (ID,CUENTA,PASS,PERFILES_USUARIOS_ID,ESTADO_CUENTA) values ('6','Milynin','9559b73ab90b52f61fc481fd1fe1ee0c','3','activado');
Insert into ESCUELA.USUARIOS (ID,CUENTA,PASS,PERFILES_USUARIOS_ID,ESTADO_CUENTA) values ('7','Christopher','e569663505021a217752d6fa28ae0dcb','3','activado');
Insert into ESCUELA.USUARIOS (ID,CUENTA,PASS,PERFILES_USUARIOS_ID,ESTADO_CUENTA) values ('8','Borja','26bd4c0a132b8d8f12d8fed1566e3874','3','activado');
Insert into ESCUELA.USUARIOS (ID,CUENTA,PASS,PERFILES_USUARIOS_ID,ESTADO_CUENTA) values ('9','Ían','a5d21dadee4c67f7e4631a4ebc821a0c','3','activado');
Insert into ESCUELA.USUARIOS (ID,CUENTA,PASS,PERFILES_USUARIOS_ID,ESTADO_CUENTA) values ('10','Yeremy','cd156df66f98009063b515cb6621d836','3','activado');
Insert into ESCUELA.USUARIOS (ID,CUENTA,PASS,PERFILES_USUARIOS_ID,ESTADO_CUENTA) values ('11','Alexandro','cdbbd65beb51208d834f250c928e6804','2','activado');
Insert into ESCUELA.USUARIOS (ID,CUENTA,PASS,PERFILES_USUARIOS_ID,ESTADO_CUENTA) values ('12','Jair','81d6f316d169150d0e8733866c38684d','4','activado');
Insert into ESCUELA.USUARIOS (ID,CUENTA,PASS,PERFILES_USUARIOS_ID,ESTADO_CUENTA) values ('13','Vladimir','48718b4f39c52763a2f3e72d17e2db1e','3','activado');
Insert into ESCUELA.USUARIOS (ID,CUENTA,PASS,PERFILES_USUARIOS_ID,ESTADO_CUENTA) values ('14','Ayron','c810b2dbd6aab4806bb623e15f423a0a','2','activado');
Insert into ESCUELA.USUARIOS (ID,CUENTA,PASS,PERFILES_USUARIOS_ID,ESTADO_CUENTA) values ('15','Blas','11f435019d62d153f2abe2cb60ae6c05','3','activado');
Insert into ESCUELA.USUARIOS (ID,CUENTA,PASS,PERFILES_USUARIOS_ID,ESTADO_CUENTA) values ('16','Lucio','a97fedbce30ecfbc5f77f23789b0ee00','2','activado');
Insert into ESCUELA.USUARIOS (ID,CUENTA,PASS,PERFILES_USUARIOS_ID,ESTADO_CUENTA) values ('17','Benjamyn','3f7ac05a1cd0d08c76b660c0c4e94d90','2','activado');
Insert into ESCUELA.USUARIOS (ID,CUENTA,PASS,PERFILES_USUARIOS_ID,ESTADO_CUENTA) values ('18','Isaac','16f86fd9e5e0a73ba9c1f15777d245cb','3','activado');
Insert into ESCUELA.USUARIOS (ID,CUENTA,PASS,PERFILES_USUARIOS_ID,ESTADO_CUENTA) values ('19','Milan','c72064ec07f748d0db817614e87a33a8','3','activado');
Insert into ESCUELA.USUARIOS (ID,CUENTA,PASS,PERFILES_USUARIOS_ID,ESTADO_CUENTA) values ('20','Milgin','9d4441e3664a0313fc2ae44790663c8f','3','activado');
Insert into ESCUELA.USUARIOS (ID,CUENTA,PASS,PERFILES_USUARIOS_ID,ESTADO_CUENTA) values ('21','Jordan','da7a0bfbdc5e89ec324b7490920edd57','3','activado');
Insert into ESCUELA.USUARIOS (ID,CUENTA,PASS,PERFILES_USUARIOS_ID,ESTADO_CUENTA) values ('22','Diego','41a56c53e8a2a4b6bc8c147b41dc97ea','3','activado');
Insert into ESCUELA.USUARIOS (ID,CUENTA,PASS,PERFILES_USUARIOS_ID,ESTADO_CUENTA) values ('23','Alexis','cb90bf6e9ba22d541ac4c1625eca4fb7','3','activado');
Insert into ESCUELA.USUARIOS (ID,CUENTA,PASS,PERFILES_USUARIOS_ID,ESTADO_CUENTA) values ('24','Samuel','ad5025ed67f365ca093387678e6c7be1','3','activado');
Insert into ESCUELA.USUARIOS (ID,CUENTA,PASS,PERFILES_USUARIOS_ID,ESTADO_CUENTA) values ('25','Camilo','848cded4ca550d5267e68a2c233140e7','3','activado');
Insert into ESCUELA.USUARIOS (ID,CUENTA,PASS,PERFILES_USUARIOS_ID,ESTADO_CUENTA) values ('26','Esteban','b62345ed9748f0f1309d3f6b8f20f1ae','3','activado');
Insert into ESCUELA.USUARIOS (ID,CUENTA,PASS,PERFILES_USUARIOS_ID,ESTADO_CUENTA) values ('27','Juan','0f5b2f91cd5952a124b1a03c4f2c4b19','3','activado');
Insert into ESCUELA.USUARIOS (ID,CUENTA,PASS,PERFILES_USUARIOS_ID,ESTADO_CUENTA) values ('28','Rodrigo','1a353cd808ca3c2d153e92e49599a3ad','3','activado');
Insert into ESCUELA.USUARIOS (ID,CUENTA,PASS,PERFILES_USUARIOS_ID,ESTADO_CUENTA) values ('29','Hernan','673c237670eb09096b158000980095ac','3','activado');
Insert into ESCUELA.USUARIOS (ID,CUENTA,PASS,PERFILES_USUARIOS_ID,ESTADO_CUENTA) values ('30','Virgilio','334889c097495656a7e15c43772b9fa6','1','activado');
Insert into ESCUELA.USUARIOS (ID,CUENTA,PASS,PERFILES_USUARIOS_ID,ESTADO_CUENTA) values ('31','jordaN','002aa3295f27b9c1aa3c602fd2a37c35','1','activado');
Insert into ESCUELA.USUARIOS (ID,CUENTA,PASS,PERFILES_USUARIOS_ID,ESTADO_CUENTA) values ('36','jogfdgdfgfdhfg','a283069318ced82c338e40b68642f18a','1','activado');
Insert into ESCUELA.USUARIOS (ID,CUENTA,PASS,PERFILES_USUARIOS_ID,ESTADO_CUENTA) values ('37','dfsghj','a283069318ced82c338e40b68642f18a','1','activado');
Insert into ESCUELA.USUARIOS (ID,CUENTA,PASS,PERFILES_USUARIOS_ID,ESTADO_CUENTA) values ('38','diegoa','202cb962ac59075b964b07152d234b70','1','activado');
Insert into ESCUELA.USUARIOS (ID,CUENTA,PASS,PERFILES_USUARIOS_ID,ESTADO_CUENTA) values ('39','diegoo','202cb962ac59075b964b07152d234b70','1','activado');
Insert into ESCUELA.USUARIOS (ID,CUENTA,PASS,PERFILES_USUARIOS_ID,ESTADO_CUENTA) values ('40','diego_24344','202cb962ac59075b964b07152d234b70','1','activado');
Insert into ESCUELA.USUARIOS (ID,CUENTA,PASS,PERFILES_USUARIOS_ID,ESTADO_CUENTA) values ('41','diego_1234432','202cb962ac59075b964b07152d234b70','1','activado');
Insert into ESCUELA.USUARIOS (ID,CUENTA,PASS,PERFILES_USUARIOS_ID,ESTADO_CUENTA) values ('63','di.madariaga','202cb962ac59075b964b07152d234b70','1','activado');
Insert into ESCUELA.USUARIOS (ID,CUENTA,PASS,PERFILES_USUARIOS_ID,ESTADO_CUENTA) values ('44','diegooid','202cb962ac59075b964b07152d234b70','1','activado');
Insert into ESCUELA.USUARIOS (ID,CUENTA,PASS,PERFILES_USUARIOS_ID,ESTADO_CUENTA) values ('45','dieginho','202cb962ac59075b964b07152d234b70','1','activado');
Insert into ESCUELA.USUARIOS (ID,CUENTA,PASS,PERFILES_USUARIOS_ID,ESTADO_CUENTA) values ('46','diegonmls','7815696ecbf1c96e6894b779456d330e','2','activado');
Insert into ESCUELA.USUARIOS (ID,CUENTA,PASS,PERFILES_USUARIOS_ID,ESTADO_CUENTA) values ('47','ads','078c007bd92ddec308ae2f5115c1775d','4','activado');
Insert into ESCUELA.USUARIOS (ID,CUENTA,PASS,PERFILES_USUARIOS_ID,ESTADO_CUENTA) values ('48','diego','827ccb0eea8a706c4c34a16891f84e7b','1','activado');
Insert into ESCUELA.USUARIOS (ID,CUENTA,PASS,PERFILES_USUARIOS_ID,ESTADO_CUENTA) values ('49','diegomada','202cb962ac59075b964b07152d234b70','3','activado');
Insert into ESCUELA.USUARIOS (ID,CUENTA,PASS,PERFILES_USUARIOS_ID,ESTADO_CUENTA) values ('65','diego134567','asd','4','desactivado');
Insert into ESCUELA.USUARIOS (ID,CUENTA,PASS,PERFILES_USUARIOS_ID,ESTADO_CUENTA) values ('67','diegokfsd','12345678','1','activado');
Insert into ESCUELA.USUARIOS (ID,CUENTA,PASS,PERFILES_USUARIOS_ID,ESTADO_CUENTA) values ('61','diegokx','202cb962ac59075b964b07152d234b70','2','activado');
Insert into ESCUELA.USUARIOS (ID,CUENTA,PASS,PERFILES_USUARIOS_ID,ESTADO_CUENTA) values ('71','jorgenit_12','926e27eecdbc7a18858b3798ba99bddd','2','activado');
Insert into ESCUELA.USUARIOS (ID,CUENTA,PASS,PERFILES_USUARIOS_ID,ESTADO_CUENTA) values ('50','diego123','202cb962ac59075b964b07152d234b70','1','activado');
Insert into ESCUELA.USUARIOS (ID,CUENTA,PASS,PERFILES_USUARIOS_ID,ESTADO_CUENTA) values ('51','diego1235','202cb962ac59075b964b07152d234b70','1','activado');
Insert into ESCUELA.USUARIOS (ID,CUENTA,PASS,PERFILES_USUARIOS_ID,ESTADO_CUENTA) values ('53','diego23234','202cb962ac59075b964b07152d234b70','2','activado');
Insert into ESCUELA.USUARIOS (ID,CUENTA,PASS,PERFILES_USUARIOS_ID,ESTADO_CUENTA) values ('54','diego_madariaga','202cb962ac59075b964b07152d234b70','3','activado');
Insert into ESCUELA.USUARIOS (ID,CUENTA,PASS,PERFILES_USUARIOS_ID,ESTADO_CUENTA) values ('56','operador','06d4f07c943a4da1c8bfe591abbc3579','2','activado');
REM INSERTING into ESCUELA.VUELOS
SET DEFINE OFF;
Insert into ESCUELA.VUELOS (ID,AERODROMOS_ID_ORIGEN,AERODROMOS_ID_DESTINO,HORAS_VUELO,CONDICION_VUELO,MISION_VUELO,FECHA_VUELO,AERONAVES_ID,ESTADO_VUELO) values ('11','19','20','7','I  ','Vuelo exitoso',to_date('21/09/16','DD/MM/RR'),'16','terminado');
Insert into ESCUELA.VUELOS (ID,AERODROMOS_ID_ORIGEN,AERODROMOS_ID_DESTINO,HORAS_VUELO,CONDICION_VUELO,MISION_VUELO,FECHA_VUELO,AERONAVES_ID,ESTADO_VUELO) values ('12','19','20','7','I  ','Vuelo exitoso',to_date('21/09/16','DD/MM/RR'),'16','terminado');
Insert into ESCUELA.VUELOS (ID,AERODROMOS_ID_ORIGEN,AERODROMOS_ID_DESTINO,HORAS_VUELO,CONDICION_VUELO,MISION_VUELO,FECHA_VUELO,AERONAVES_ID,ESTADO_VUELO) values ('13','19','20','7','I  ','Vuelo exitoso',to_date('21/09/16','DD/MM/RR'),'16','terminado');
Insert into ESCUELA.VUELOS (ID,AERODROMOS_ID_ORIGEN,AERODROMOS_ID_DESTINO,HORAS_VUELO,CONDICION_VUELO,MISION_VUELO,FECHA_VUELO,AERONAVES_ID,ESTADO_VUELO) values ('19','4','20','2','IFR','prueba',to_date('26/10/16','DD/MM/RR'),'21','terminado');
Insert into ESCUELA.VUELOS (ID,AERODROMOS_ID_ORIGEN,AERODROMOS_ID_DESTINO,HORAS_VUELO,CONDICION_VUELO,MISION_VUELO,FECHA_VUELO,AERONAVES_ID,ESTADO_VUELO) values ('15','1','1','48','IFR','prueba',to_date('24/10/16','DD/MM/RR'),'21','terminado');
Insert into ESCUELA.VUELOS (ID,AERODROMOS_ID_ORIGEN,AERODROMOS_ID_DESTINO,HORAS_VUELO,CONDICION_VUELO,MISION_VUELO,FECHA_VUELO,AERONAVES_ID,ESTADO_VUELO) values ('1','1','2','7','I  ','Vuelo exitoso',to_date('21/09/16','DD/MM/RR'),'1','terminado');
Insert into ESCUELA.VUELOS (ID,AERODROMOS_ID_ORIGEN,AERODROMOS_ID_DESTINO,HORAS_VUELO,CONDICION_VUELO,MISION_VUELO,FECHA_VUELO,AERONAVES_ID,ESTADO_VUELO) values ('2','2','3','4','I  ','Despegue exitoso',to_date('22/09/16','DD/MM/RR'),'2','terminado');
Insert into ESCUELA.VUELOS (ID,AERODROMOS_ID_ORIGEN,AERODROMOS_ID_DESTINO,HORAS_VUELO,CONDICION_VUELO,MISION_VUELO,FECHA_VUELO,AERONAVES_ID,ESTADO_VUELO) values ('3','10','4','6','I  ','Vuelo exitoso',to_date('23/09/16','DD/MM/RR'),'3','terminado');
Insert into ESCUELA.VUELOS (ID,AERODROMOS_ID_ORIGEN,AERODROMOS_ID_DESTINO,HORAS_VUELO,CONDICION_VUELO,MISION_VUELO,FECHA_VUELO,AERONAVES_ID,ESTADO_VUELO) values ('4','3','6','5','V  ','Aterrizaje exitoso',to_date('18/09/16','DD/MM/RR'),'4','terminado');
Insert into ESCUELA.VUELOS (ID,AERODROMOS_ID_ORIGEN,AERODROMOS_ID_DESTINO,HORAS_VUELO,CONDICION_VUELO,MISION_VUELO,FECHA_VUELO,AERONAVES_ID,ESTADO_VUELO) values ('5','4','7','8','V  ','Aterrizaje exitoso',to_date('10/09/16','DD/MM/RR'),'5','terminado');
Insert into ESCUELA.VUELOS (ID,AERODROMOS_ID_ORIGEN,AERODROMOS_ID_DESTINO,HORAS_VUELO,CONDICION_VUELO,MISION_VUELO,FECHA_VUELO,AERONAVES_ID,ESTADO_VUELO) values ('6','5','5','3','I  ','Vuelo exitoso',to_date('09/09/16','DD/MM/RR'),'6','terminado');
Insert into ESCUELA.VUELOS (ID,AERODROMOS_ID_ORIGEN,AERODROMOS_ID_DESTINO,HORAS_VUELO,CONDICION_VUELO,MISION_VUELO,FECHA_VUELO,AERONAVES_ID,ESTADO_VUELO) values ('8','7','9','8','V  ','Vuelo exitoso',to_date('14/09/16','DD/MM/RR'),'8','terminado');
Insert into ESCUELA.VUELOS (ID,AERODROMOS_ID_ORIGEN,AERODROMOS_ID_DESTINO,HORAS_VUELO,CONDICION_VUELO,MISION_VUELO,FECHA_VUELO,AERONAVES_ID,ESTADO_VUELO) values ('9','8','10','9','I  ','Aterrizaje exitoso',to_date('12/09/16','DD/MM/RR'),'9','terminado');
Insert into ESCUELA.VUELOS (ID,AERODROMOS_ID_ORIGEN,AERODROMOS_ID_DESTINO,HORAS_VUELO,CONDICION_VUELO,MISION_VUELO,FECHA_VUELO,AERONAVES_ID,ESTADO_VUELO) values ('10','9','11','6','I  ','Vuelo exitoso',to_date('15/09/16','DD/MM/RR'),'10','terminado');
Insert into ESCUELA.VUELOS (ID,AERODROMOS_ID_ORIGEN,AERODROMOS_ID_DESTINO,HORAS_VUELO,CONDICION_VUELO,MISION_VUELO,FECHA_VUELO,AERONAVES_ID,ESTADO_VUELO) values ('22','1','2','22,5','VFR','prueba de estado de vuelo',to_date('25/10/16','DD/MM/RR'),'17','terminado');
Insert into ESCUELA.VUELOS (ID,AERODROMOS_ID_ORIGEN,AERODROMOS_ID_DESTINO,HORAS_VUELO,CONDICION_VUELO,MISION_VUELO,FECHA_VUELO,AERONAVES_ID,ESTADO_VUELO) values ('14','19','20','7','I  ','Vuelo exitoso',to_date('21/09/16','DD/MM/RR'),'16','terminado');
Insert into ESCUELA.VUELOS (ID,AERODROMOS_ID_ORIGEN,AERODROMOS_ID_DESTINO,HORAS_VUELO,CONDICION_VUELO,MISION_VUELO,FECHA_VUELO,AERONAVES_ID,ESTADO_VUELO) values ('30','1','7','0','IFR','Pruebas funcionales',to_date('17/11/16','DD/MM/RR'),'30','en curso');
Insert into ESCUELA.VUELOS (ID,AERODROMOS_ID_ORIGEN,AERODROMOS_ID_DESTINO,HORAS_VUELO,CONDICION_VUELO,MISION_VUELO,FECHA_VUELO,AERONAVES_ID,ESTADO_VUELO) values ('31','1','5','0','IFR','Pruebas Funcionales',to_date('24/11/16','DD/MM/RR'),'21','en curso');
Insert into ESCUELA.VUELOS (ID,AERODROMOS_ID_ORIGEN,AERODROMOS_ID_DESTINO,HORAS_VUELO,CONDICION_VUELO,MISION_VUELO,FECHA_VUELO,AERONAVES_ID,ESTADO_VUELO) values ('29','16','7','43536,03906','VFR','Paseo',to_date('17/11/11','DD/MM/RR'),'23','terminado');
--------------------------------------------------------
--  DDL for Index AERODROMOS_PK
--------------------------------------------------------

  CREATE UNIQUE INDEX "ESCUELA"."AERODROMOS_PK" ON "ESCUELA"."AERODROMOS" ("ID") 
  PCTFREE 10 INITRANS 2 MAXTRANS 255 COMPUTE STATISTICS 
  STORAGE(INITIAL 65536 NEXT 1048576 MINEXTENTS 1 MAXEXTENTS 2147483645
  PCTINCREASE 0 FREELISTS 1 FREELIST GROUPS 1
  BUFFER_POOL DEFAULT FLASH_CACHE DEFAULT CELL_FLASH_CACHE DEFAULT)
  TABLESPACE "USERS" ;
--------------------------------------------------------
--  DDL for Index AERONAVES_PK
--------------------------------------------------------

  CREATE UNIQUE INDEX "ESCUELA"."AERONAVES_PK" ON "ESCUELA"."AERONAVES" ("ID") 
  PCTFREE 10 INITRANS 2 MAXTRANS 255 COMPUTE STATISTICS 
  STORAGE(INITIAL 65536 NEXT 1048576 MINEXTENTS 1 MAXEXTENTS 2147483645
  PCTINCREASE 0 FREELISTS 1 FREELIST GROUPS 1
  BUFFER_POOL DEFAULT FLASH_CACHE DEFAULT CELL_FLASH_CACHE DEFAULT)
  TABLESPACE "USERS" ;
--------------------------------------------------------
--  DDL for Index AERONAVES__UN
--------------------------------------------------------

  CREATE UNIQUE INDEX "ESCUELA"."AERONAVES__UN" ON "ESCUELA"."AERONAVES" ("MATRICULA") 
  PCTFREE 10 INITRANS 2 MAXTRANS 255 COMPUTE STATISTICS 
  STORAGE(INITIAL 65536 NEXT 1048576 MINEXTENTS 1 MAXEXTENTS 2147483645
  PCTINCREASE 0 FREELISTS 1 FREELIST GROUPS 1
  BUFFER_POOL DEFAULT FLASH_CACHE DEFAULT CELL_FLASH_CACHE DEFAULT)
  TABLESPACE "USERS" ;
--------------------------------------------------------
--  DDL for Index COMPONENTES_PK
--------------------------------------------------------

  CREATE UNIQUE INDEX "ESCUELA"."COMPONENTES_PK" ON "ESCUELA"."COMPONENTES" ("ID") 
  PCTFREE 10 INITRANS 2 MAXTRANS 255 COMPUTE STATISTICS 
  STORAGE(INITIAL 65536 NEXT 1048576 MINEXTENTS 1 MAXEXTENTS 2147483645
  PCTINCREASE 0 FREELISTS 1 FREELIST GROUPS 1
  BUFFER_POOL DEFAULT FLASH_CACHE DEFAULT CELL_FLASH_CACHE DEFAULT)
  TABLESPACE "USERS" ;
--------------------------------------------------------
--  DDL for Index DETALLES_MANTENIMIENTOS_PK
--------------------------------------------------------

  CREATE UNIQUE INDEX "ESCUELA"."DETALLES_MANTENIMIENTOS_PK" ON "ESCUELA"."DETALLES_MANTENIMIENTOS" ("MANTENIMIENTOS_ID", "COMPONENTES_ID") 
  PCTFREE 10 INITRANS 2 MAXTRANS 255 COMPUTE STATISTICS 
  STORAGE(INITIAL 65536 NEXT 1048576 MINEXTENTS 1 MAXEXTENTS 2147483645
  PCTINCREASE 0 FREELISTS 1 FREELIST GROUPS 1
  BUFFER_POOL DEFAULT FLASH_CACHE DEFAULT CELL_FLASH_CACHE DEFAULT)
  TABLESPACE "USERS" ;
--------------------------------------------------------
--  DDL for Index LICENCIAS_PK
--------------------------------------------------------

  CREATE UNIQUE INDEX "ESCUELA"."LICENCIAS_PK" ON "ESCUELA"."LICENCIAS" ("ID") 
  PCTFREE 10 INITRANS 2 MAXTRANS 255 COMPUTE STATISTICS 
  STORAGE(INITIAL 65536 NEXT 1048576 MINEXTENTS 1 MAXEXTENTS 2147483645
  PCTINCREASE 0 FREELISTS 1 FREELIST GROUPS 1
  BUFFER_POOL DEFAULT FLASH_CACHE DEFAULT CELL_FLASH_CACHE DEFAULT)
  TABLESPACE "USERS" ;
--------------------------------------------------------
--  DDL for Index LICENCIAS__UN
--------------------------------------------------------

  CREATE UNIQUE INDEX "ESCUELA"."LICENCIAS__UN" ON "ESCUELA"."LICENCIAS" ("NUMERO") 
  PCTFREE 10 INITRANS 2 MAXTRANS 255 COMPUTE STATISTICS 
  STORAGE(INITIAL 65536 NEXT 1048576 MINEXTENTS 1 MAXEXTENTS 2147483645
  PCTINCREASE 0 FREELISTS 1 FREELIST GROUPS 1
  BUFFER_POOL DEFAULT FLASH_CACHE DEFAULT CELL_FLASH_CACHE DEFAULT)
  TABLESPACE "USERS" ;
--------------------------------------------------------
--  DDL for Index MANTENIMIENTO_PK
--------------------------------------------------------

  CREATE UNIQUE INDEX "ESCUELA"."MANTENIMIENTO_PK" ON "ESCUELA"."MANTENIMIENTOS" ("ID") 
  PCTFREE 10 INITRANS 2 MAXTRANS 255 COMPUTE STATISTICS 
  STORAGE(INITIAL 65536 NEXT 1048576 MINEXTENTS 1 MAXEXTENTS 2147483645
  PCTINCREASE 0 FREELISTS 1 FREELIST GROUPS 1
  BUFFER_POOL DEFAULT FLASH_CACHE DEFAULT CELL_FLASH_CACHE DEFAULT)
  TABLESPACE "USERS" ;
--------------------------------------------------------
--  DDL for Index PERFILES_USUARIOS_PK
--------------------------------------------------------

  CREATE UNIQUE INDEX "ESCUELA"."PERFILES_USUARIOS_PK" ON "ESCUELA"."PERFILES_USUARIOS" ("ID") 
  PCTFREE 10 INITRANS 2 MAXTRANS 255 COMPUTE STATISTICS 
  STORAGE(INITIAL 65536 NEXT 1048576 MINEXTENTS 1 MAXEXTENTS 2147483645
  PCTINCREASE 0 FREELISTS 1 FREELIST GROUPS 1
  BUFFER_POOL DEFAULT FLASH_CACHE DEFAULT CELL_FLASH_CACHE DEFAULT)
  TABLESPACE "USERS" ;
--------------------------------------------------------
--  DDL for Index PERSONAS__IDX
--------------------------------------------------------

  CREATE UNIQUE INDEX "ESCUELA"."PERSONAS__IDX" ON "ESCUELA"."PERSONAS" ("USUARIOS_ID") 
  PCTFREE 10 INITRANS 2 MAXTRANS 255 COMPUTE STATISTICS 
  STORAGE(INITIAL 65536 NEXT 1048576 MINEXTENTS 1 MAXEXTENTS 2147483645
  PCTINCREASE 0 FREELISTS 1 FREELIST GROUPS 1
  BUFFER_POOL DEFAULT FLASH_CACHE DEFAULT CELL_FLASH_CACHE DEFAULT)
  TABLESPACE "USERS" ;
--------------------------------------------------------
--  DDL for Index PERSONAS_PK
--------------------------------------------------------

  CREATE UNIQUE INDEX "ESCUELA"."PERSONAS_PK" ON "ESCUELA"."PERSONAS" ("ID") 
  PCTFREE 10 INITRANS 2 MAXTRANS 255 COMPUTE STATISTICS 
  STORAGE(INITIAL 65536 NEXT 1048576 MINEXTENTS 1 MAXEXTENTS 2147483645
  PCTINCREASE 0 FREELISTS 1 FREELIST GROUPS 1
  BUFFER_POOL DEFAULT FLASH_CACHE DEFAULT CELL_FLASH_CACHE DEFAULT)
  TABLESPACE "USERS" ;
--------------------------------------------------------
--  DDL for Index PERSONAS__UN
--------------------------------------------------------

  CREATE UNIQUE INDEX "ESCUELA"."PERSONAS__UN" ON "ESCUELA"."PERSONAS" ("RUT", "USUARIOS_ID") 
  PCTFREE 10 INITRANS 2 MAXTRANS 255 COMPUTE STATISTICS 
  STORAGE(INITIAL 65536 NEXT 1048576 MINEXTENTS 1 MAXEXTENTS 2147483645
  PCTINCREASE 0 FREELISTS 1 FREELIST GROUPS 1
  BUFFER_POOL DEFAULT FLASH_CACHE DEFAULT CELL_FLASH_CACHE DEFAULT)
  TABLESPACE "USERS" ;
--------------------------------------------------------
--  DDL for Index PILOTOS__IDX
--------------------------------------------------------

  CREATE UNIQUE INDEX "ESCUELA"."PILOTOS__IDX" ON "ESCUELA"."PILOTOS" ("PERSONAS_ID") 
  PCTFREE 10 INITRANS 2 MAXTRANS 255 COMPUTE STATISTICS 
  STORAGE(INITIAL 65536 NEXT 1048576 MINEXTENTS 1 MAXEXTENTS 2147483645
  PCTINCREASE 0 FREELISTS 1 FREELIST GROUPS 1
  BUFFER_POOL DEFAULT FLASH_CACHE DEFAULT CELL_FLASH_CACHE DEFAULT)
  TABLESPACE "USERS" ;
--------------------------------------------------------
--  DDL for Index PILOTOS_PK
--------------------------------------------------------

  CREATE UNIQUE INDEX "ESCUELA"."PILOTOS_PK" ON "ESCUELA"."PILOTOS" ("ID") 
  PCTFREE 10 INITRANS 2 MAXTRANS 255 COMPUTE STATISTICS 
  STORAGE(INITIAL 65536 NEXT 1048576 MINEXTENTS 1 MAXEXTENTS 2147483645
  PCTINCREASE 0 FREELISTS 1 FREELIST GROUPS 1
  BUFFER_POOL DEFAULT FLASH_CACHE DEFAULT CELL_FLASH_CACHE DEFAULT)
  TABLESPACE "USERS" ;
--------------------------------------------------------
--  DDL for Index PLANES_MANTENIMIENTOS_PK
--------------------------------------------------------

  CREATE UNIQUE INDEX "ESCUELA"."PLANES_MANTENIMIENTOS_PK" ON "ESCUELA"."PLANES_MANTENIMIENTOS" ("PLANES_ID", "TIPOS_COMPONENTES_ID") 
  PCTFREE 10 INITRANS 2 MAXTRANS 255 COMPUTE STATISTICS 
  STORAGE(INITIAL 65536 NEXT 1048576 MINEXTENTS 1 MAXEXTENTS 2147483645
  PCTINCREASE 0 FREELISTS 1 FREELIST GROUPS 1
  BUFFER_POOL DEFAULT FLASH_CACHE DEFAULT CELL_FLASH_CACHE DEFAULT)
  TABLESPACE "USERS" ;
--------------------------------------------------------
--  DDL for Index PLANES_PK
--------------------------------------------------------

  CREATE UNIQUE INDEX "ESCUELA"."PLANES_PK" ON "ESCUELA"."PLANES" ("ID") 
  PCTFREE 10 INITRANS 2 MAXTRANS 255 COMPUTE STATISTICS 
  STORAGE(INITIAL 65536 NEXT 1048576 MINEXTENTS 1 MAXEXTENTS 2147483645
  PCTINCREASE 0 FREELISTS 1 FREELIST GROUPS 1
  BUFFER_POOL DEFAULT FLASH_CACHE DEFAULT CELL_FLASH_CACHE DEFAULT)
  TABLESPACE "USERS" ;
--------------------------------------------------------
--  DDL for Index SYS_IL0000014329C00003$$
--------------------------------------------------------

  CREATE UNIQUE INDEX "ESCUELA"."SYS_IL0000014329C00003$$" ON "ESCUELA"."PLANES_MANTENIMIENTOS" (
  PCTFREE 10 INITRANS 2 MAXTRANS 255 
  STORAGE(INITIAL 65536 NEXT 1048576 MINEXTENTS 1 MAXEXTENTS 2147483645
  PCTINCREASE 0 FREELISTS 1 FREELIST GROUPS 1
  BUFFER_POOL DEFAULT FLASH_CACHE DEFAULT CELL_FLASH_CACHE DEFAULT)
  TABLESPACE "USERS" 
  PARALLEL (DEGREE 0 INSTANCES 0) ;
--------------------------------------------------------
--  DDL for Index TIPO_AERONAVES_PK
--------------------------------------------------------

  CREATE UNIQUE INDEX "ESCUELA"."TIPO_AERONAVES_PK" ON "ESCUELA"."TIPOS_AERONAVES" ("ID") 
  PCTFREE 10 INITRANS 2 MAXTRANS 255 COMPUTE STATISTICS 
  STORAGE(INITIAL 65536 NEXT 1048576 MINEXTENTS 1 MAXEXTENTS 2147483645
  PCTINCREASE 0 FREELISTS 1 FREELIST GROUPS 1
  BUFFER_POOL DEFAULT FLASH_CACHE DEFAULT CELL_FLASH_CACHE DEFAULT)
  TABLESPACE "USERS" ;
--------------------------------------------------------
--  DDL for Index TIPOS_COMPONENTES_PK
--------------------------------------------------------

  CREATE UNIQUE INDEX "ESCUELA"."TIPOS_COMPONENTES_PK" ON "ESCUELA"."TIPOS_COMPONENTES" ("ID") 
  PCTFREE 10 INITRANS 2 MAXTRANS 255 COMPUTE STATISTICS 
  STORAGE(INITIAL 65536 NEXT 1048576 MINEXTENTS 1 MAXEXTENTS 2147483645
  PCTINCREASE 0 FREELISTS 1 FREELIST GROUPS 1
  BUFFER_POOL DEFAULT FLASH_CACHE DEFAULT CELL_FLASH_CACHE DEFAULT)
  TABLESPACE "USERS" ;
--------------------------------------------------------
--  DDL for Index TIPOS_LICENCIAS_PK
--------------------------------------------------------

  CREATE UNIQUE INDEX "ESCUELA"."TIPOS_LICENCIAS_PK" ON "ESCUELA"."TIPOS_LICENCIAS" ("ID") 
  PCTFREE 10 INITRANS 2 MAXTRANS 255 COMPUTE STATISTICS 
  STORAGE(INITIAL 65536 NEXT 1048576 MINEXTENTS 1 MAXEXTENTS 2147483645
  PCTINCREASE 0 FREELISTS 1 FREELIST GROUPS 1
  BUFFER_POOL DEFAULT FLASH_CACHE DEFAULT CELL_FLASH_CACHE DEFAULT)
  TABLESPACE "USERS" ;
--------------------------------------------------------
--  DDL for Index TRIPULACION_PK
--------------------------------------------------------

  CREATE UNIQUE INDEX "ESCUELA"."TRIPULACION_PK" ON "ESCUELA"."TRIPULACION" ("VUELOS_ID", "PILOTOS_ID") 
  PCTFREE 10 INITRANS 2 MAXTRANS 255 COMPUTE STATISTICS 
  STORAGE(INITIAL 65536 NEXT 1048576 MINEXTENTS 1 MAXEXTENTS 2147483645
  PCTINCREASE 0 FREELISTS 1 FREELIST GROUPS 1
  BUFFER_POOL DEFAULT FLASH_CACHE DEFAULT CELL_FLASH_CACHE DEFAULT)
  TABLESPACE "USERS" ;
--------------------------------------------------------
--  DDL for Index USUARIOS_PK
--------------------------------------------------------

  CREATE UNIQUE INDEX "ESCUELA"."USUARIOS_PK" ON "ESCUELA"."USUARIOS" ("ID") 
  PCTFREE 10 INITRANS 2 MAXTRANS 255 COMPUTE STATISTICS 
  STORAGE(INITIAL 65536 NEXT 1048576 MINEXTENTS 1 MAXEXTENTS 2147483645
  PCTINCREASE 0 FREELISTS 1 FREELIST GROUPS 1
  BUFFER_POOL DEFAULT FLASH_CACHE DEFAULT CELL_FLASH_CACHE DEFAULT)
  TABLESPACE "USERS" ;
--------------------------------------------------------
--  DDL for Index USUARIOS__UN
--------------------------------------------------------

  CREATE UNIQUE INDEX "ESCUELA"."USUARIOS__UN" ON "ESCUELA"."USUARIOS" ("CUENTA") 
  PCTFREE 10 INITRANS 2 MAXTRANS 255 COMPUTE STATISTICS 
  STORAGE(INITIAL 65536 NEXT 1048576 MINEXTENTS 1 MAXEXTENTS 2147483645
  PCTINCREASE 0 FREELISTS 1 FREELIST GROUPS 1
  BUFFER_POOL DEFAULT FLASH_CACHE DEFAULT CELL_FLASH_CACHE DEFAULT)
  TABLESPACE "USERS" ;
--------------------------------------------------------
--  DDL for Index VUELOS_PK
--------------------------------------------------------

  CREATE UNIQUE INDEX "ESCUELA"."VUELOS_PK" ON "ESCUELA"."VUELOS" ("ID") 
  PCTFREE 10 INITRANS 2 MAXTRANS 255 COMPUTE STATISTICS 
  STORAGE(INITIAL 65536 NEXT 1048576 MINEXTENTS 1 MAXEXTENTS 2147483645
  PCTINCREASE 0 FREELISTS 1 FREELIST GROUPS 1
  BUFFER_POOL DEFAULT FLASH_CACHE DEFAULT CELL_FLASH_CACHE DEFAULT)
  TABLESPACE "USERS" ;
--------------------------------------------------------
--  DDL for Trigger TIPOS_AERONAVES_ID_TRG
--------------------------------------------------------

  CREATE OR REPLACE TRIGGER "ESCUELA"."TIPOS_AERONAVES_ID_TRG" BEFORE
  INSERT ON tipos_aeronaves FOR EACH ROW  WHEN (NEW.id IS NULL) BEGIN :NEW.id := tipos_aeronaves_id_SEQ.NEXTVAL;
END;
/
ALTER TRIGGER "ESCUELA"."TIPOS_AERONAVES_ID_TRG" ENABLE;
--------------------------------------------------------
--  DDL for Procedure SP_DISTRIBUIR_HORAS_VUELO
--------------------------------------------------------
set define off;

  CREATE OR REPLACE PROCEDURE "ESCUELA"."SP_DISTRIBUIR_HORAS_VUELO" (id_vuelos in VUELOS.ID%TYPE)
	 as 
	 horas_sumadas VUELOS.HORAS_VUELO%TYPE;	 
	 id_aeronave AERONAVES.ID%TYPE;
	 begin
	SELECT HORAS_VUELO
	  into horas_sumadas
	  from VUELOS
	  where ID = id_vuelos;
    
	 SELECT aeronaves_id
	  into id_aeronave
	  from VUELOS
	  where ID = id_vuelos; 
	
	update pilotos set horas_vuelo = (horas_vuelo+(horas_sumadas/2)), dias_vuelo = (dias_vuelo+1) where pilotos.id in (select pilotos_id from TRIPULACION where VUELOS_ID = id_vuelos);
	
	update aeronaves set horas_vuelo = (horas_vuelo+horas_sumadas), dias_vuelo = (dias_vuelo+1), estado ='M'  where ID = id_aeronave;
  
  update componentes set horas_vuelo = (horas_vuelo+horas_sumadas), dias_vuelo = (dias_vuelo+1) where AERONAVES_ID = id_aeronave;
	update vuelos set estado_vuelo = 'terminado' where ID =id_vuelos;

	   commit;
	 end sp_distribuir_horas_vuelo;

/
--------------------------------------------------------
--  Constraints for Table AERODROMOS
--------------------------------------------------------

  ALTER TABLE "ESCUELA"."AERODROMOS" ADD CONSTRAINT "AERODROMOS_PK" PRIMARY KEY ("ID")
  USING INDEX PCTFREE 10 INITRANS 2 MAXTRANS 255 COMPUTE STATISTICS 
  STORAGE(INITIAL 65536 NEXT 1048576 MINEXTENTS 1 MAXEXTENTS 2147483645
  PCTINCREASE 0 FREELISTS 1 FREELIST GROUPS 1
  BUFFER_POOL DEFAULT FLASH_CACHE DEFAULT CELL_FLASH_CACHE DEFAULT)
  TABLESPACE "USERS"  ENABLE;
  ALTER TABLE "ESCUELA"."AERODROMOS" MODIFY ("CIUDAD" NOT NULL ENABLE);
  ALTER TABLE "ESCUELA"."AERODROMOS" MODIFY ("DESCRIPCION" NOT NULL ENABLE);
  ALTER TABLE "ESCUELA"."AERODROMOS" MODIFY ("ID" NOT NULL ENABLE);
--------------------------------------------------------
--  Constraints for Table AERONAVES
--------------------------------------------------------

  ALTER TABLE "ESCUELA"."AERONAVES" ADD CONSTRAINT "AERONAVES__UN" UNIQUE ("MATRICULA")
  USING INDEX PCTFREE 10 INITRANS 2 MAXTRANS 255 COMPUTE STATISTICS 
  STORAGE(INITIAL 65536 NEXT 1048576 MINEXTENTS 1 MAXEXTENTS 2147483645
  PCTINCREASE 0 FREELISTS 1 FREELIST GROUPS 1
  BUFFER_POOL DEFAULT FLASH_CACHE DEFAULT CELL_FLASH_CACHE DEFAULT)
  TABLESPACE "USERS"  ENABLE;
  ALTER TABLE "ESCUELA"."AERONAVES" ADD CONSTRAINT "AERONAVES_PK" PRIMARY KEY ("ID")
  USING INDEX PCTFREE 10 INITRANS 2 MAXTRANS 255 COMPUTE STATISTICS 
  STORAGE(INITIAL 65536 NEXT 1048576 MINEXTENTS 1 MAXEXTENTS 2147483645
  PCTINCREASE 0 FREELISTS 1 FREELIST GROUPS 1
  BUFFER_POOL DEFAULT FLASH_CACHE DEFAULT CELL_FLASH_CACHE DEFAULT)
  TABLESPACE "USERS"  ENABLE;
  ALTER TABLE "ESCUELA"."AERONAVES" MODIFY ("DIAS_VUELO" NOT NULL ENABLE);
  ALTER TABLE "ESCUELA"."AERONAVES" MODIFY ("HORAS_VUELO" NOT NULL ENABLE);
  ALTER TABLE "ESCUELA"."AERONAVES" MODIFY ("FECHA_INSPECCION_ANUAL" NOT NULL ENABLE);
  ALTER TABLE "ESCUELA"."AERONAVES" MODIFY ("FECHA_AERONAVEGABILIDAD" NOT NULL ENABLE);
  ALTER TABLE "ESCUELA"."AERONAVES" MODIFY ("ESTADO" NOT NULL ENABLE);
  ALTER TABLE "ESCUELA"."AERONAVES" MODIFY ("TIPO_AERONAVES_ID" NOT NULL ENABLE);
  ALTER TABLE "ESCUELA"."AERONAVES" MODIFY ("MATRICULA" NOT NULL ENABLE);
  ALTER TABLE "ESCUELA"."AERONAVES" MODIFY ("ID" NOT NULL ENABLE);
--------------------------------------------------------
--  Constraints for Table COMPONENTES
--------------------------------------------------------

  ALTER TABLE "ESCUELA"."COMPONENTES" ADD CONSTRAINT "COMPONENTES_PK" PRIMARY KEY ("ID")
  USING INDEX PCTFREE 10 INITRANS 2 MAXTRANS 255 COMPUTE STATISTICS 
  STORAGE(INITIAL 65536 NEXT 1048576 MINEXTENTS 1 MAXEXTENTS 2147483645
  PCTINCREASE 0 FREELISTS 1 FREELIST GROUPS 1
  BUFFER_POOL DEFAULT FLASH_CACHE DEFAULT CELL_FLASH_CACHE DEFAULT)
  TABLESPACE "USERS"  ENABLE;
  ALTER TABLE "ESCUELA"."COMPONENTES" MODIFY ("TIPOS_COMPONENTES_ID" NOT NULL ENABLE);
  ALTER TABLE "ESCUELA"."COMPONENTES" MODIFY ("DIAS_VUELO" NOT NULL ENABLE);
  ALTER TABLE "ESCUELA"."COMPONENTES" MODIFY ("HORAS_VUELO" NOT NULL ENABLE);
  ALTER TABLE "ESCUELA"."COMPONENTES" MODIFY ("FABRICANTE" NOT NULL ENABLE);
  ALTER TABLE "ESCUELA"."COMPONENTES" MODIFY ("DESCRIPCION" NOT NULL ENABLE);
  ALTER TABLE "ESCUELA"."COMPONENTES" MODIFY ("ID" NOT NULL ENABLE);
--------------------------------------------------------
--  Constraints for Table DETALLES_MANTENIMIENTOS
--------------------------------------------------------

  ALTER TABLE "ESCUELA"."DETALLES_MANTENIMIENTOS" ADD CONSTRAINT "DETALLES_MANTENIMIENTOS_PK" PRIMARY KEY ("MANTENIMIENTOS_ID", "COMPONENTES_ID")
  USING INDEX PCTFREE 10 INITRANS 2 MAXTRANS 255 COMPUTE STATISTICS 
  STORAGE(INITIAL 65536 NEXT 1048576 MINEXTENTS 1 MAXEXTENTS 2147483645
  PCTINCREASE 0 FREELISTS 1 FREELIST GROUPS 1
  BUFFER_POOL DEFAULT FLASH_CACHE DEFAULT CELL_FLASH_CACHE DEFAULT)
  TABLESPACE "USERS"  ENABLE;
  ALTER TABLE "ESCUELA"."DETALLES_MANTENIMIENTOS" MODIFY ("ESTADO" NOT NULL ENABLE);
  ALTER TABLE "ESCUELA"."DETALLES_MANTENIMIENTOS" MODIFY ("PLANES_M_TIPOS_COMPONENTES_ID" NOT NULL ENABLE);
  ALTER TABLE "ESCUELA"."DETALLES_MANTENIMIENTOS" MODIFY ("PLANES_M_PLANES_ID" NOT NULL ENABLE);
  ALTER TABLE "ESCUELA"."DETALLES_MANTENIMIENTOS" MODIFY ("COMPONENTES_ID" NOT NULL ENABLE);
  ALTER TABLE "ESCUELA"."DETALLES_MANTENIMIENTOS" MODIFY ("MANTENIMIENTOS_ID" NOT NULL ENABLE);
--------------------------------------------------------
--  Constraints for Table LICENCIAS
--------------------------------------------------------

  ALTER TABLE "ESCUELA"."LICENCIAS" ADD CONSTRAINT "LICENCIAS__UN" UNIQUE ("NUMERO")
  USING INDEX PCTFREE 10 INITRANS 2 MAXTRANS 255 COMPUTE STATISTICS 
  STORAGE(INITIAL 65536 NEXT 1048576 MINEXTENTS 1 MAXEXTENTS 2147483645
  PCTINCREASE 0 FREELISTS 1 FREELIST GROUPS 1
  BUFFER_POOL DEFAULT FLASH_CACHE DEFAULT CELL_FLASH_CACHE DEFAULT)
  TABLESPACE "USERS"  ENABLE;
  ALTER TABLE "ESCUELA"."LICENCIAS" ADD CONSTRAINT "LICENCIAS_PK" PRIMARY KEY ("ID")
  USING INDEX PCTFREE 10 INITRANS 2 MAXTRANS 255 COMPUTE STATISTICS 
  STORAGE(INITIAL 65536 NEXT 1048576 MINEXTENTS 1 MAXEXTENTS 2147483645
  PCTINCREASE 0 FREELISTS 1 FREELIST GROUPS 1
  BUFFER_POOL DEFAULT FLASH_CACHE DEFAULT CELL_FLASH_CACHE DEFAULT)
  TABLESPACE "USERS"  ENABLE;
  ALTER TABLE "ESCUELA"."LICENCIAS" MODIFY ("PILOTOS_ID" NOT NULL ENABLE);
  ALTER TABLE "ESCUELA"."LICENCIAS" MODIFY ("DIAS_VUELO" NOT NULL ENABLE);
  ALTER TABLE "ESCUELA"."LICENCIAS" MODIFY ("HORAS_VUELO" NOT NULL ENABLE);
  ALTER TABLE "ESCUELA"."LICENCIAS" MODIFY ("FECHA_VENCIMIENTO" NOT NULL ENABLE);
  ALTER TABLE "ESCUELA"."LICENCIAS" MODIFY ("TIPOS_LICENCIAS_ID" NOT NULL ENABLE);
  ALTER TABLE "ESCUELA"."LICENCIAS" MODIFY ("NUMERO" NOT NULL ENABLE);
  ALTER TABLE "ESCUELA"."LICENCIAS" MODIFY ("ID" NOT NULL ENABLE);
--------------------------------------------------------
--  Constraints for Table MANTENIMIENTOS
--------------------------------------------------------

  ALTER TABLE "ESCUELA"."MANTENIMIENTOS" ADD CONSTRAINT "MANTENIMIENTO_PK" PRIMARY KEY ("ID")
  USING INDEX PCTFREE 10 INITRANS 2 MAXTRANS 255 COMPUTE STATISTICS 
  STORAGE(INITIAL 65536 NEXT 1048576 MINEXTENTS 1 MAXEXTENTS 2147483645
  PCTINCREASE 0 FREELISTS 1 FREELIST GROUPS 1
  BUFFER_POOL DEFAULT FLASH_CACHE DEFAULT CELL_FLASH_CACHE DEFAULT)
  TABLESPACE "USERS"  ENABLE;
  ALTER TABLE "ESCUELA"."MANTENIMIENTOS" MODIFY ("FECHA_INICIO" NOT NULL ENABLE);
  ALTER TABLE "ESCUELA"."MANTENIMIENTOS" MODIFY ("ID" NOT NULL ENABLE);
--------------------------------------------------------
--  Constraints for Table PERFILES_USUARIOS
--------------------------------------------------------

  ALTER TABLE "ESCUELA"."PERFILES_USUARIOS" ADD CONSTRAINT "PERFILES_USUARIOS_PK" PRIMARY KEY ("ID")
  USING INDEX PCTFREE 10 INITRANS 2 MAXTRANS 255 COMPUTE STATISTICS 
  STORAGE(INITIAL 65536 NEXT 1048576 MINEXTENTS 1 MAXEXTENTS 2147483645
  PCTINCREASE 0 FREELISTS 1 FREELIST GROUPS 1
  BUFFER_POOL DEFAULT FLASH_CACHE DEFAULT CELL_FLASH_CACHE DEFAULT)
  TABLESPACE "USERS"  ENABLE;
  ALTER TABLE "ESCUELA"."PERFILES_USUARIOS" MODIFY ("DESCRIPCION" NOT NULL ENABLE);
  ALTER TABLE "ESCUELA"."PERFILES_USUARIOS" MODIFY ("ID" NOT NULL ENABLE);
--------------------------------------------------------
--  Constraints for Table PERSONAS
--------------------------------------------------------

  ALTER TABLE "ESCUELA"."PERSONAS" ADD CONSTRAINT "PERSONAS__UN" UNIQUE ("RUT", "USUARIOS_ID")
  USING INDEX PCTFREE 10 INITRANS 2 MAXTRANS 255 COMPUTE STATISTICS 
  STORAGE(INITIAL 65536 NEXT 1048576 MINEXTENTS 1 MAXEXTENTS 2147483645
  PCTINCREASE 0 FREELISTS 1 FREELIST GROUPS 1
  BUFFER_POOL DEFAULT FLASH_CACHE DEFAULT CELL_FLASH_CACHE DEFAULT)
  TABLESPACE "USERS"  ENABLE;
  ALTER TABLE "ESCUELA"."PERSONAS" ADD CONSTRAINT "PERSONAS_PK" PRIMARY KEY ("ID")
  USING INDEX PCTFREE 10 INITRANS 2 MAXTRANS 255 COMPUTE STATISTICS 
  STORAGE(INITIAL 65536 NEXT 1048576 MINEXTENTS 1 MAXEXTENTS 2147483645
  PCTINCREASE 0 FREELISTS 1 FREELIST GROUPS 1
  BUFFER_POOL DEFAULT FLASH_CACHE DEFAULT CELL_FLASH_CACHE DEFAULT)
  TABLESPACE "USERS"  ENABLE;
  ALTER TABLE "ESCUELA"."PERSONAS" MODIFY ("USUARIOS_ID" NOT NULL ENABLE);
  ALTER TABLE "ESCUELA"."PERSONAS" MODIFY ("FECHA_NACIMIENTO" NOT NULL ENABLE);
  ALTER TABLE "ESCUELA"."PERSONAS" MODIFY ("SEXO" NOT NULL ENABLE);
  ALTER TABLE "ESCUELA"."PERSONAS" MODIFY ("APELLIDOS" NOT NULL ENABLE);
  ALTER TABLE "ESCUELA"."PERSONAS" MODIFY ("NOMBRE" NOT NULL ENABLE);
  ALTER TABLE "ESCUELA"."PERSONAS" MODIFY ("RUT" NOT NULL ENABLE);
  ALTER TABLE "ESCUELA"."PERSONAS" MODIFY ("ID" NOT NULL ENABLE);
--------------------------------------------------------
--  Constraints for Table PILOTOS
--------------------------------------------------------

  ALTER TABLE "ESCUELA"."PILOTOS" ADD CONSTRAINT "PILOTOS__UN" UNIQUE ("PERSONAS_ID")
  USING INDEX PCTFREE 10 INITRANS 2 MAXTRANS 255 COMPUTE STATISTICS 
  STORAGE(INITIAL 65536 NEXT 1048576 MINEXTENTS 1 MAXEXTENTS 2147483645
  PCTINCREASE 0 FREELISTS 1 FREELIST GROUPS 1
  BUFFER_POOL DEFAULT FLASH_CACHE DEFAULT CELL_FLASH_CACHE DEFAULT)
  TABLESPACE "USERS"  ENABLE;
  ALTER TABLE "ESCUELA"."PILOTOS" ADD CONSTRAINT "PILOTOS_PK" PRIMARY KEY ("ID")
  USING INDEX PCTFREE 10 INITRANS 2 MAXTRANS 255 COMPUTE STATISTICS 
  STORAGE(INITIAL 65536 NEXT 1048576 MINEXTENTS 1 MAXEXTENTS 2147483645
  PCTINCREASE 0 FREELISTS 1 FREELIST GROUPS 1
  BUFFER_POOL DEFAULT FLASH_CACHE DEFAULT CELL_FLASH_CACHE DEFAULT)
  TABLESPACE "USERS"  ENABLE;
  ALTER TABLE "ESCUELA"."PILOTOS" MODIFY ("PERSONAS_ID" NOT NULL ENABLE);
  ALTER TABLE "ESCUELA"."PILOTOS" MODIFY ("DIAS_VUELO" NOT NULL ENABLE);
  ALTER TABLE "ESCUELA"."PILOTOS" MODIFY ("HORAS_VUELO" NOT NULL ENABLE);
  ALTER TABLE "ESCUELA"."PILOTOS" MODIFY ("ID" NOT NULL ENABLE);
--------------------------------------------------------
--  Constraints for Table PLANES
--------------------------------------------------------

  ALTER TABLE "ESCUELA"."PLANES" ADD CONSTRAINT "PLANES_PK" PRIMARY KEY ("ID")
  USING INDEX PCTFREE 10 INITRANS 2 MAXTRANS 255 COMPUTE STATISTICS 
  STORAGE(INITIAL 65536 NEXT 1048576 MINEXTENTS 1 MAXEXTENTS 2147483645
  PCTINCREASE 0 FREELISTS 1 FREELIST GROUPS 1
  BUFFER_POOL DEFAULT FLASH_CACHE DEFAULT CELL_FLASH_CACHE DEFAULT)
  TABLESPACE "USERS"  ENABLE;
  ALTER TABLE "ESCUELA"."PLANES" MODIFY ("DESCRIPCION" NOT NULL ENABLE);
  ALTER TABLE "ESCUELA"."PLANES" MODIFY ("ID" NOT NULL ENABLE);
--------------------------------------------------------
--  Constraints for Table PLANES_MANTENIMIENTOS
--------------------------------------------------------

  ALTER TABLE "ESCUELA"."PLANES_MANTENIMIENTOS" ADD CONSTRAINT "PLANES_MANTENIMIENTOS_PK" PRIMARY KEY ("PLANES_ID", "TIPOS_COMPONENTES_ID")
  USING INDEX PCTFREE 10 INITRANS 2 MAXTRANS 255 COMPUTE STATISTICS 
  STORAGE(INITIAL 65536 NEXT 1048576 MINEXTENTS 1 MAXEXTENTS 2147483645
  PCTINCREASE 0 FREELISTS 1 FREELIST GROUPS 1
  BUFFER_POOL DEFAULT FLASH_CACHE DEFAULT CELL_FLASH_CACHE DEFAULT)
  TABLESPACE "USERS"  ENABLE;
  ALTER TABLE "ESCUELA"."PLANES_MANTENIMIENTOS" MODIFY ("TAREAS" NOT NULL ENABLE);
  ALTER TABLE "ESCUELA"."PLANES_MANTENIMIENTOS" MODIFY ("TIPOS_COMPONENTES_ID" NOT NULL ENABLE);
  ALTER TABLE "ESCUELA"."PLANES_MANTENIMIENTOS" MODIFY ("PLANES_ID" NOT NULL ENABLE);
--------------------------------------------------------
--  Constraints for Table TIPOS_AERONAVES
--------------------------------------------------------

  ALTER TABLE "ESCUELA"."TIPOS_AERONAVES" ADD CONSTRAINT "TIPO_AERONAVES_PK" PRIMARY KEY ("ID")
  USING INDEX PCTFREE 10 INITRANS 2 MAXTRANS 255 COMPUTE STATISTICS 
  STORAGE(INITIAL 65536 NEXT 1048576 MINEXTENTS 1 MAXEXTENTS 2147483645
  PCTINCREASE 0 FREELISTS 1 FREELIST GROUPS 1
  BUFFER_POOL DEFAULT FLASH_CACHE DEFAULT CELL_FLASH_CACHE DEFAULT)
  TABLESPACE "USERS"  ENABLE;
  ALTER TABLE "ESCUELA"."TIPOS_AERONAVES" MODIFY ("DESCRIPCION" NOT NULL ENABLE);
  ALTER TABLE "ESCUELA"."TIPOS_AERONAVES" MODIFY ("ID" NOT NULL ENABLE);
--------------------------------------------------------
--  Constraints for Table TIPOS_COMPONENTES
--------------------------------------------------------

  ALTER TABLE "ESCUELA"."TIPOS_COMPONENTES" ADD CONSTRAINT "TIPOS_COMPONENTES_PK" PRIMARY KEY ("ID")
  USING INDEX PCTFREE 10 INITRANS 2 MAXTRANS 255 COMPUTE STATISTICS 
  STORAGE(INITIAL 65536 NEXT 1048576 MINEXTENTS 1 MAXEXTENTS 2147483645
  PCTINCREASE 0 FREELISTS 1 FREELIST GROUPS 1
  BUFFER_POOL DEFAULT FLASH_CACHE DEFAULT CELL_FLASH_CACHE DEFAULT)
  TABLESPACE "USERS"  ENABLE;
  ALTER TABLE "ESCUELA"."TIPOS_COMPONENTES" MODIFY ("DESCRIPCION" NOT NULL ENABLE);
  ALTER TABLE "ESCUELA"."TIPOS_COMPONENTES" MODIFY ("ID" NOT NULL ENABLE);
--------------------------------------------------------
--  Constraints for Table TIPOS_LICENCIAS
--------------------------------------------------------

  ALTER TABLE "ESCUELA"."TIPOS_LICENCIAS" ADD CONSTRAINT "TIPOS_LICENCIAS_PK" PRIMARY KEY ("ID")
  USING INDEX PCTFREE 10 INITRANS 2 MAXTRANS 255 COMPUTE STATISTICS 
  STORAGE(INITIAL 65536 NEXT 1048576 MINEXTENTS 1 MAXEXTENTS 2147483645
  PCTINCREASE 0 FREELISTS 1 FREELIST GROUPS 1
  BUFFER_POOL DEFAULT FLASH_CACHE DEFAULT CELL_FLASH_CACHE DEFAULT)
  TABLESPACE "USERS"  ENABLE;
  ALTER TABLE "ESCUELA"."TIPOS_LICENCIAS" MODIFY ("DESCRIPCION" NOT NULL ENABLE);
  ALTER TABLE "ESCUELA"."TIPOS_LICENCIAS" MODIFY ("ID" NOT NULL ENABLE);
--------------------------------------------------------
--  Constraints for Table TRIPULACION
--------------------------------------------------------

  ALTER TABLE "ESCUELA"."TRIPULACION" ADD CONSTRAINT "TRIPULACION_PK" PRIMARY KEY ("VUELOS_ID", "PILOTOS_ID")
  USING INDEX PCTFREE 10 INITRANS 2 MAXTRANS 255 COMPUTE STATISTICS 
  STORAGE(INITIAL 65536 NEXT 1048576 MINEXTENTS 1 MAXEXTENTS 2147483645
  PCTINCREASE 0 FREELISTS 1 FREELIST GROUPS 1
  BUFFER_POOL DEFAULT FLASH_CACHE DEFAULT CELL_FLASH_CACHE DEFAULT)
  TABLESPACE "USERS"  ENABLE;
  ALTER TABLE "ESCUELA"."TRIPULACION" MODIFY ("PILOTOS_ID" NOT NULL ENABLE);
  ALTER TABLE "ESCUELA"."TRIPULACION" MODIFY ("VUELOS_ID" NOT NULL ENABLE);
--------------------------------------------------------
--  Constraints for Table USUARIOS
--------------------------------------------------------

  ALTER TABLE "ESCUELA"."USUARIOS" ADD CONSTRAINT "USUARIOS__UN" UNIQUE ("CUENTA")
  USING INDEX PCTFREE 10 INITRANS 2 MAXTRANS 255 COMPUTE STATISTICS 
  STORAGE(INITIAL 65536 NEXT 1048576 MINEXTENTS 1 MAXEXTENTS 2147483645
  PCTINCREASE 0 FREELISTS 1 FREELIST GROUPS 1
  BUFFER_POOL DEFAULT FLASH_CACHE DEFAULT CELL_FLASH_CACHE DEFAULT)
  TABLESPACE "USERS"  ENABLE;
  ALTER TABLE "ESCUELA"."USUARIOS" ADD CONSTRAINT "USUARIOS_PK" PRIMARY KEY ("ID")
  USING INDEX PCTFREE 10 INITRANS 2 MAXTRANS 255 COMPUTE STATISTICS 
  STORAGE(INITIAL 65536 NEXT 1048576 MINEXTENTS 1 MAXEXTENTS 2147483645
  PCTINCREASE 0 FREELISTS 1 FREELIST GROUPS 1
  BUFFER_POOL DEFAULT FLASH_CACHE DEFAULT CELL_FLASH_CACHE DEFAULT)
  TABLESPACE "USERS"  ENABLE;
  ALTER TABLE "ESCUELA"."USUARIOS" MODIFY ("PERFILES_USUARIOS_ID" NOT NULL ENABLE);
  ALTER TABLE "ESCUELA"."USUARIOS" MODIFY ("PASS" NOT NULL ENABLE);
  ALTER TABLE "ESCUELA"."USUARIOS" MODIFY ("CUENTA" NOT NULL ENABLE);
  ALTER TABLE "ESCUELA"."USUARIOS" MODIFY ("ID" NOT NULL ENABLE);
--------------------------------------------------------
--  Constraints for Table VUELOS
--------------------------------------------------------

  ALTER TABLE "ESCUELA"."VUELOS" ADD CONSTRAINT "VUELOS_PK" PRIMARY KEY ("ID")
  USING INDEX PCTFREE 10 INITRANS 2 MAXTRANS 255 COMPUTE STATISTICS 
  STORAGE(INITIAL 65536 NEXT 1048576 MINEXTENTS 1 MAXEXTENTS 2147483645
  PCTINCREASE 0 FREELISTS 1 FREELIST GROUPS 1
  BUFFER_POOL DEFAULT FLASH_CACHE DEFAULT CELL_FLASH_CACHE DEFAULT)
  TABLESPACE "USERS"  ENABLE;
  ALTER TABLE "ESCUELA"."VUELOS" MODIFY ("AERONAVES_ID" NOT NULL ENABLE);
  ALTER TABLE "ESCUELA"."VUELOS" MODIFY ("FECHA_VUELO" NOT NULL ENABLE);
  ALTER TABLE "ESCUELA"."VUELOS" MODIFY ("MISION_VUELO" NOT NULL ENABLE);
  ALTER TABLE "ESCUELA"."VUELOS" MODIFY ("CONDICION_VUELO" NOT NULL ENABLE);
  ALTER TABLE "ESCUELA"."VUELOS" MODIFY ("AERODROMOS_ID_DESTINO" NOT NULL ENABLE);
  ALTER TABLE "ESCUELA"."VUELOS" MODIFY ("AERODROMOS_ID_ORIGEN" NOT NULL ENABLE);
  ALTER TABLE "ESCUELA"."VUELOS" MODIFY ("ID" NOT NULL ENABLE);
--------------------------------------------------------
--  Ref Constraints for Table AERONAVES
--------------------------------------------------------

  ALTER TABLE "ESCUELA"."AERONAVES" ADD CONSTRAINT "AERONAVES_TIPO_AERONAVES_FK" FOREIGN KEY ("TIPO_AERONAVES_ID")
	  REFERENCES "ESCUELA"."TIPOS_AERONAVES" ("ID") ENABLE;
--------------------------------------------------------
--  Ref Constraints for Table COMPONENTES
--------------------------------------------------------

  ALTER TABLE "ESCUELA"."COMPONENTES" ADD CONSTRAINT "COMPONENTES_AERONAVES_FK" FOREIGN KEY ("AERONAVES_ID")
	  REFERENCES "ESCUELA"."AERONAVES" ("ID") ENABLE;
  ALTER TABLE "ESCUELA"."COMPONENTES" ADD CONSTRAINT "COMPONENTES_COMPONENTES_FK" FOREIGN KEY ("COMPONENTES_ID")
	  REFERENCES "ESCUELA"."COMPONENTES" ("ID") ENABLE;
  ALTER TABLE "ESCUELA"."COMPONENTES" ADD CONSTRAINT "COMPONENTES_T_COMPONENTES_FK" FOREIGN KEY ("TIPOS_COMPONENTES_ID")
	  REFERENCES "ESCUELA"."TIPOS_COMPONENTES" ("ID") ENABLE;
--------------------------------------------------------
--  Ref Constraints for Table DETALLES_MANTENIMIENTOS
--------------------------------------------------------

  ALTER TABLE "ESCUELA"."DETALLES_MANTENIMIENTOS" ADD CONSTRAINT "DETALLES_M_COMPONENTES_FK" FOREIGN KEY ("COMPONENTES_ID")
	  REFERENCES "ESCUELA"."COMPONENTES" ("ID") ENABLE;
  ALTER TABLE "ESCUELA"."DETALLES_MANTENIMIENTOS" ADD CONSTRAINT "DETALLES_M_MANTENIMIENTOS_FK" FOREIGN KEY ("MANTENIMIENTOS_ID")
	  REFERENCES "ESCUELA"."MANTENIMIENTOS" ("ID") ENABLE;
  ALTER TABLE "ESCUELA"."DETALLES_MANTENIMIENTOS" ADD CONSTRAINT "DETALLES_M_P_MANTENIMIENTOS_FK" FOREIGN KEY ("PLANES_M_PLANES_ID", "PLANES_M_TIPOS_COMPONENTES_ID")
	  REFERENCES "ESCUELA"."PLANES_MANTENIMIENTOS" ("PLANES_ID", "TIPOS_COMPONENTES_ID") ENABLE;
--------------------------------------------------------
--  Ref Constraints for Table LICENCIAS
--------------------------------------------------------

  ALTER TABLE "ESCUELA"."LICENCIAS" ADD CONSTRAINT "LICENCIAS_PILOTOS_FK" FOREIGN KEY ("PILOTOS_ID")
	  REFERENCES "ESCUELA"."PILOTOS" ("ID") ENABLE;
  ALTER TABLE "ESCUELA"."LICENCIAS" ADD CONSTRAINT "LICENCIAS_TIPOS_LICENCIAS_FK" FOREIGN KEY ("TIPOS_LICENCIAS_ID")
	  REFERENCES "ESCUELA"."TIPOS_LICENCIAS" ("ID") ENABLE;
--------------------------------------------------------
--  Ref Constraints for Table PERSONAS
--------------------------------------------------------

  ALTER TABLE "ESCUELA"."PERSONAS" ADD CONSTRAINT "PERSONAS_USUARIOS_FK" FOREIGN KEY ("USUARIOS_ID")
	  REFERENCES "ESCUELA"."USUARIOS" ("ID") ENABLE;
--------------------------------------------------------
--  Ref Constraints for Table PILOTOS
--------------------------------------------------------

  ALTER TABLE "ESCUELA"."PILOTOS" ADD CONSTRAINT "PILOTOS_PERSONAS_FK" FOREIGN KEY ("PERSONAS_ID")
	  REFERENCES "ESCUELA"."PERSONAS" ("ID") ENABLE;
--------------------------------------------------------
--  Ref Constraints for Table PLANES_MANTENIMIENTOS
--------------------------------------------------------

  ALTER TABLE "ESCUELA"."PLANES_MANTENIMIENTOS" ADD CONSTRAINT "PLANES_M_PLANES_FK" FOREIGN KEY ("PLANES_ID")
	  REFERENCES "ESCUELA"."PLANES" ("ID") ENABLE;
  ALTER TABLE "ESCUELA"."PLANES_MANTENIMIENTOS" ADD CONSTRAINT "PLANES_M_T_COMPONENTES_FK" FOREIGN KEY ("TIPOS_COMPONENTES_ID")
	  REFERENCES "ESCUELA"."TIPOS_COMPONENTES" ("ID") ENABLE;
--------------------------------------------------------
--  Ref Constraints for Table TRIPULACION
--------------------------------------------------------

  ALTER TABLE "ESCUELA"."TRIPULACION" ADD CONSTRAINT "TRIPULACION_PILOTOS_FK" FOREIGN KEY ("PILOTOS_ID")
	  REFERENCES "ESCUELA"."PILOTOS" ("ID") ENABLE;
  ALTER TABLE "ESCUELA"."TRIPULACION" ADD CONSTRAINT "TRIPULACION_VUELOS_FK" FOREIGN KEY ("VUELOS_ID")
	  REFERENCES "ESCUELA"."VUELOS" ("ID") ENABLE;
--------------------------------------------------------
--  Ref Constraints for Table USUARIOS
--------------------------------------------------------

  ALTER TABLE "ESCUELA"."USUARIOS" ADD CONSTRAINT "USUARIOS_PERFILES_USUARIOS_FK" FOREIGN KEY ("PERFILES_USUARIOS_ID")
	  REFERENCES "ESCUELA"."PERFILES_USUARIOS" ("ID") ENABLE;
--------------------------------------------------------
--  Ref Constraints for Table VUELOS
--------------------------------------------------------

  ALTER TABLE "ESCUELA"."VUELOS" ADD CONSTRAINT "VUELOS_AERODROMOS_DESTINO_FK" FOREIGN KEY ("AERODROMOS_ID_DESTINO")
	  REFERENCES "ESCUELA"."AERODROMOS" ("ID") ENABLE;
  ALTER TABLE "ESCUELA"."VUELOS" ADD CONSTRAINT "VUELOS_AERODROMOS_ORIGEN_FK" FOREIGN KEY ("AERODROMOS_ID_ORIGEN")
	  REFERENCES "ESCUELA"."AERODROMOS" ("ID") ENABLE;
  ALTER TABLE "ESCUELA"."VUELOS" ADD CONSTRAINT "VUELOS_AERONAVES_FK" FOREIGN KEY ("AERONAVES_ID")
	  REFERENCES "ESCUELA"."AERONAVES" ("ID") ENABLE;
